name	foodatlas_id
perca saxatilis	['e1']
striped bass	['e1']
morone saxatilis	['e1']
striped sea-bass	['e1']
clupea pallasi	['e2']
clupea harengus pallasi	['e2']
pacific herring	['e2']
clupea pallasii	['e2']
sebastes	['e3']
blennius americanus	['e4']
macrozoarces americanus	['e4']
mother-of-eels	['e4']
poodler	['e4']
zoarces americanus	['e4']
ocean pout	['e4']
muttonfish	['e4']
north-atlantic ocean pout	['e4']
atlantic wolffish	['e5']
wolf-fish	['e5']
anarhichas lupus	['e5']
anarhichas orientalis lupus	['e5']
belone belone	['e6']
esox belone	['e6']
garpike	['e6']
brinjal	['e7']
aubergine	['e7']
solanum melongena	['e7']
eggplant	['e7']
solanum tuberosum	['e8']
potato	['e8']
solanum tuberosum subsp. tuberosum	['e8']
potatoes	['e8']
caper	['e9']
caperbush	['e9']
capparis spinose	['e9']
capparis spinosa	['e9']
promicrops	['e10']
epinephelus	['e10']
ipomoea babatas	['e11']
batate	['e11']
sweet potato	['e11']
ipomoea tiliacea auct. non (willd.) choisy	['e11']
ipomoea batatas	['e11']
ipomoea batata	['e11']
ipomoea batatas var. edulis	['e11']
wasabia japonica (miq.) matsum., 1912	['e12']
wasabe	['e12']
eutrema japonicum	['e12']
lunaria japonica	['e12']
cochlearia wasabi	['e12']
eutrema wasabi	['e12']
tunas	['e13']
scombridae	['e13']
mackerels	['e13']
agaricus velutipes	['e14']
flammulina valutipes	['e14']
flammulina velutipes	['e14']
collybia velutipes	['e14']
katsuwonus pelamis	['e15']
bonito	['e15']
katsuwonus plelamis	['e15']
skipjack tuna	['e15']
euthynnus pelamis	['e15']
scomber pelamis	['e15']
pineapple-guava	['e16']
guayaba chilena	['e16']
acca sellowiana	['e16']
feijoa sellowiana	['e16']
vanilla	['e17']
juglans regia	['e18']
english walnut	['e18']
thunnus	['e19']
thunnus alalunga	['e20']
albacore	['e20']
thunnus alalonga	['e20']
germo alalunga	['e20']
scomber alalunga	['e20']
yellowfin tuna	['e21']
thunnus albacares	['e21']
scomber albacares	['e21']
neothunnus macropterus	['e21']
thunnus albacores	['e21']
northern bluefin tuna	['e22']
scomber thynnus	['e22']
bluefin tuna	['e22']
thunnus thynnus	['e22']
atlantic bluefin tuna	['e22']
jaman	['e23']
syzygium cumini	['e23']
eugenia cumini	['e23']
syzygium jambolanum	['e23']
java-plum	['e23']
eugenia jambolana	['e23']
jambolan	['e23']
rumex arcticus	['e24']
olea europeae	['e25']
olea europea	['e25']
common olive	['e25']
olea europaea	['e25']
olea sativa	['e25']
california huckleberry	['e26']
vaccinium ovatum	['e26']
momordica grosvenori	['e27']
luo han guo	['e27']
thladiantha grosvenorii	['e27']
arhat fruit	['e27']
siraitia grosvenorii	['e27']
momordica grosvenorii	['e27']
monk fruit	['e27']
swordfish	['e28']
xiphias gladius	['e28']
engraulidae	['e29']
anchovies	['e29']
salvia hispanica	['e30']
pleuronectiformes	['e31']
flatfishes	['e31']
strombidae	['e32']
righteye flounders	['e33']
pleuronectidae	['e33']
vaccinium deliciosum	['e34']
eumetopias jubatus	['e35']
steller sea lion	['e35']
phoca jubata	['e35']
northern sea lion	['e35']
hippoglossus	['e36']
pleuronectes hippoglossus	['e37']
atlantic halibut	['e37']
hippoglossus hippoglossus	['e37']
vaccinium alaskense	['e38']
vaccinium alaskaense	['e38']
vaccinium ovalifolium	['e38']
bog bilberry	['e39']
vaccinium uliginosum	['e39']
bog blueberry	['e39']
chokecherry	['e40']
prunus virginiana	['e40']
beniseed	['e41']
koba	['e41']
sesamum orientale	['e41']
sesamun indicum	['e41']
hu ma	['e41']
sesamum indicum	['e41']
sesame	['e41']
gingelly	['e41']
physalis	['e42']
saccharina japonica	['e43']
laminaria japonica	['e43']
vigna radiata	['e44']
mung bean	['e44']
sambucus	['e45']
european elder	['e46']
sambucus nigra	['e46']
ophiodon elongatus	['e47']
rubus spectabilis	['e48']
aplodinotus grunniens	['e49']
freshwater drum	['e49']
salix pulchra	['e50']
zingiber officinale	['e51']
zingiber officinalis	['e51']
ginger	['e51']
great burdock	['e52']
arctium lappa	['e52']
mamey	['e53']
mammea americana	['e53']
mammee-apple	['e53']
common wormwood	['e54']
mugwort	['e54']
artemisia vulgaris	['e54']
partridgeberry	['e55']
mitchella repens	['e55']
safflower	['e56']
carthamus tinctorius	['e56']
carthamnus tinctorius	['e56']
snappers	['e57']
fusiliers	['e57']
caesionidae	['e57']
lutjanidae	['e57']
vaccinium stamineum	['e58']
helianthus	['e59']
sunflowers	['e59']
helianthus annua	['e60']
helianthus annuus	['e60']
helianthus annuus8	['e60']
common sunflower	['e60']
helianthus annus	['e60']
pomegranate	['e61']
punica granatum	['e61']
grenadier	['e61']
zakuro	['e61']
shi liu	['e61']
granado	['e61']
helianthus tuberosa	['e62']
helianthus tuberosus	['e62']
jerusalem artichoke	['e62']
cereus undatus	['e63']
selenicereus undatus	['e63']
dragon fruit	['e63']
hylocereus undatus	['e63']
garden lettuce	['e64']
lativa satuca	['e64']
cultivated lettuce	['e64']
lactuca sativa	['e64']
beta altissima	['e65']
beta vulgaris	['e65']
beet	['e65']
brassica rapa subsp. raifera	['e66']
brassica rapa var. septiceps	['e66']
turnip	['e66']
brassica rapa (rapa group)	['e66']
brassica rapa subsp. rapa	['e66']
brassica rapa (rapifera group)	['e66']
brassica rapa ssp. rapifera	['e66']
brassica rapa ssp. rapa	['e66']
brassica rapa rapa	['e66']
brassica campestris ssp. rapifera	['e66']
brassica septiceps	['e66']
brassica rapa subsp. rapifera	['e66']
brassica rapa ssp. raifera	['e66']
bai cai	['e67']
celery cabbage	['e67']
pe-tsai	['e67']
brassica campestris (pekinensis group)	['e67']
brassica campestris subsp. pekinensis	['e67']
brassica rapa var. glabra	['e67']
brassica pekinensis	['e67']
brassica campestris var. pekinensis	['e67']
brassica campestris ssp. pekinensis	['e67']
brassica rapa chinese cabbage group	['e67']
brassica rapa var. pekinensis	['e67']
chinese cabbage	['e67', 'e489']
brassica rapa subsp. pekinensis	['e67']
brassica rapa ssp. pekinensis	['e67']
bitter orange	['e68']
citrus x aurantium	['e68']
citrus aurantium	['e68']
seville orange	['e68']
citrus reticulata x citrus maxima	['e68']
sour orange	['e68']
chirimoya	['e69']
cherimoya	['e69']
annona cherimola cv. 'fino de jete'	['e69']
annona cherimola	['e69']
custard apple	['e69', 'e265']
annona cherimoya	['e69']
alaska blackfish	['e70']
dallia pectoralis	['e70']
lactuca sativa var. longifolia	['e71']
romaine lettuce	['e71']
cardoon	['e72']
wild artichoke	['e72']
cynara cardunculus	['e72']
cynara carduncullus	['e72']
craboo	['e73']
yoco	['e73']
indano	['e73']
nance	['e73']
byrsonima crassifolia	['e73']
golden-spoon	['e73']
murici	['e73']
byrsonimia crassifolia	['e73']
malpighia crassifolia	['e73']
phoca largha	['e74']
spotted seal	['e74']
jellyfishes	['e75']
scyphozoa	['e75']
pangium edule	['e76']
rubus laciniatus	['e77']
ranidae	['e78']
true frogs	['e78']
riparian frogs	['e78']
broccoli raab	['e79']
brassica ruvo	['e79']
brassica rapa broccoletto group	['e79']
rapini	['e79']
broccoletto	['e79']
ruvo kale	['e79']
alaska pollock	['e80']
theragra chalcogramma	['e80']
norwegian pollock	['e80']
walleye pollock	['e80']
gadus chalcogrammus	['e80']
pistachio	['e81']
pistacia vera	['e81']
soles	['e82']
soleidae	['e82']
hedysarum alpinum	['e83']
macadamia	['e84']
tilia cordata	['e85']
purple clover	['e86']
peavine clover	['e86']
trifolium pratense	['e86']
rotklee	['e86']
red clover	['e86']
triflorum pratense	['e86']
coffea canephora var. robusta	['e87']
robusta coffee	['e87']
coffea robusta	['e87']
coffea canephora	['e87']
eragrostis tef	['e88']
poa tef	['e88']
tef	['e88']
cancer opilio	['e89']
snow crab	['e89']
chionoecetes opilio	['e89']
lemon thyme	['e90']
thymus pulegioides	['e90']
thymus pylegioides	['e90']
tetragonia tetragonoides (pall.) kuntze, 1891	['e91']
demidovia tetragonoides	['e91']
tetragonia tetragonoides	['e91']
tetragonia expansa	['e91']
nopalea cochenilifera	['e92']
cochineal cactus	['e92']
nopalea cochinilifera	['e92']
opuntia cochenillifera	['e92']
nopalea cochenillifera	['e92']
european anchovy	['e93']
clupea encrasicolus	['e93']
engraulis encrasicolus	['e93']
nectarine	['e94']
prunus persica var. nucipersica	['e94']
prunus persica var nucipersica	['e94']
prunus persica var. nectarina	['e94']
prunus persica var. persica	['e95']
marmalade-plum	['e96']
pouteria sapota	['e96']
mammee sapote	['e96']
sapote	['e96', 'e505']
chelonia mydas	['e97']
chelonia mydas caranigra	['e97']
green seaturtle	['e97']
chelonia midas	['e97']
testudo mydas	['e97']
green sea turtle	['e97']
sour dock	['e98']
garden sorrel	['e98']
rumex acetosa	['e98']
motacu	['e99']
attalea speciosa	['e99']
motacuchi	['e99']
orbignya barbosiana	['e99']
malpighia emarginata	['e100']
averrhoa carambola	['e101']
mollusca	['e102']
mollusks	['e102']
molluscs	['e102']
gastropoda	['e103']
gastropods	['e103']
haliotis	['e104']
eruca vesicaria	['e105']
gadus lota	['e106']
burbot	['e106']
lota lota	['e106']
beefalo	['e107']
bison bison x bos taurus	['e107']
bos taurus x bison bison	['e107']
nelumbo	['e108']
juglans nigra	['e109']
black walnut	['e109']
padma	['e110']
sacred lotus	['e110']
indian lotus	['e110']
nelumbo nucifera	['e110']
juglans	['e111']
walnuts	['e111']
theobroma grandiflorum	['e112']
passion fruit	['e113']
passiflora edulia	['e113']
passiflora edulis	['e113']
camelia sinensis	['e114']
thea sinensis	['e114']
camellia sinensis	['e114']
black tea	['e114']
prickly sesban	['e115']
sesbania aculeate	['e115']
sesbania bispinosa	['e115']
katsakatsa	['e115']
aeschynomene bispinosa	['e115']
sesbania aculeata	['e115']
dadon	['e115']
grossularia uva-crispa	['e116']
ribes grossularia	['e116']
ribes uva-crispa	['e116']
english gooseberry	['e116']
alkekengi officinarum	['e117']
physalis alkekengi	['e117']
japanese lantern	['e117']
winter-cherry	['e117']
chinese-lantern	['e117']
lepidium sativum	['e118']
elephant's ear	['e119']
taro	['e119']
colocasia esculenta esculenta	['e119']
colocasia esulenta	['e119']
colocasia esculenta var. esculenta	['e119']
dasheen	['e119']
malanga	['e119', 'e569']
eddo	['e119']
colocasia esculenta	['e119']
kalo	['e119']
cocoyam	['e119']
abura-tsubaki	['e120']
camelia oleifera	['e120']
tea-oil plant	['e120']
camellia oleifera	['e120']
viburnum edule	['e121']
squashberry	['e121']
mooseberry	['e121']
sebastichthys alutus	['e122']
pacific ocean perch	['e122']
sebastes alutus	['e122']
teuthida	['e123']
thunnini	['e124']
australian chestnut	['e125']
moreton bay chestnut	['e125']
castenospermum australe	['e125']
castanospermum australe	['e125']
allium ascalonicum	['e126']
allium ascalanicum	['e126']
spirulina	['e127']
quiabo	['e128']
okra	['e128']
gumbo	['e128']
hibiscus esculentus	['e128']
kacang bendi	['e128']
abelmoschus esculentus	['e128']
lady's fingers	['e128']
lady's-fingers	['e128']
erignathus barbatus	['e129']
phoca barbata	['e129']
bearded seal	['e129']
naranjilla	['e130']
solanum quitoense	['e130']
lulo	['e130']
bivalvia	['e131']
lamellibranchiata	['e131']
pelecypoda	['e131']
bivalves	['e131']
avena sativa	['e132']
cultivated oat	['e132']
cultivated oats	['e132']
oats	['e132']
mytilidae	['e133']
blue mussel	['e134']
mytilus edulis	['e134']
edible mussel	['e134']
lucioperca lucioperca	['e135']
stizostedion lucioperca	['e135']
perca lucioperca	['e135']
sander lucioperca	['e135']
pike-perch	['e135']
pikeperch	['e135']
dracocephalum officinalis	['e136']
hyssop	['e136']
dracocephalum officinale	['e136']
hyssopus officinalis	['e136']
sander vitreus	['e137']
stizostedion vitreum	['e137']
walleye	['e137']
perca vitrea	['e137']
hordeum vulgare	['e138']
barley	['e138']
horedum vulgare	['e138']
ostreidae	['e139']
oysters	['e139']
rubus loganobaccus	['e140']
rubus x loganobaccus	['e140']
boysenberry	['e140']
rubus idaeus x rubus ursinus	['e140']
loganberry	['e140']
crassostrea virginica	['e141']
eastern oyster	['e141']
crassotrea virginica	['e141']
ostrea virginica	['e141']
scallops	['e142']
pectinidae	['e142']
melissa officinalis	['e143']
common balm	['e143']
sweet balm	['e143']
oryza rufipogon	['e144']
red rice	['e144', 'e145']
common wild rice	['e144']
oryza sativa	['e145']
rice	['e145']
asian cultivated rice	['e145']
jerusalem-tea	['e146']
chenopodium ambrosioides	['e146']
dysphania ambrosioides	['e146']
epazote	['e146']
american wormseed	['e146']
chenopodium ambrosiodes	['e146']
mentha aquatica	['e147']
water mint	['e147']
mentha aquatica var. hirsuta	['e147']
mentha aquatica var. hypeuria	['e147']
ocimum basilicum	['e148']
ocimum basilicum l	['e148']
sweet basil	['e148']
ocimum bascilicum	['e148']
basil	['e148']
ocimum bacilicum	['e148']
brussel sprouts	['e149']
brassica oleracea var. gemmifera	['e149']
brussels sprouts	['e149']
oregano	['e150']
origanum vulgare	['e150']
origanum heracleoticum rchb., 1831	['e150']
septoria lycopersici var. lycopersici	['e151']
proso millet	['e152']
broom millet	['e152']
common millet	['e152']
panicum miliaceum	['e152']
spot croaker	['e153']
spot	['e153']
leiostomus xanthurus	['e153']
african horned melon	['e154']
cucumis metulifer	['e154']
cucumis metuliferus	['e154']
secale cereal	['e155']
secale cereale	['e155']
rye	['e155']
secale cereale subsp. cereale	['e155']
rosemary	['e156']
rosmarinus officinalis	['e156']
salvia rosmarinus	['e156']
sorghum vulgare	['e157']
sorghum bicolor	['e157']
sorghum bicolor subsp. bicolor	['e157']
sorghum nervosum	['e157']
milo	['e157']
sorghum_bicolor	['e157']
broomcorn	['e157']
andropogon sorghum	['e157']
sorghum saccharatum	['e157']
sorghum bicolor milo	['e157']
sorghum	['e157']
asparagus racemosus	['e158']
asparagus recemosus	['e158']
sepiidae	['e159']
cuttlefishes	['e159']
cuttlefish	['e159']
triticum	['e160']
triticum aestivum	['e161']
canadian hard winter wheat	['e161']
wheat	['e161', 'e160']
triticum aestivam	['e161']
common wheat	['e161']
bread wheat	['e161']
triticum aestivum subsp. aestivum	['e161']
tricum aestivum	['e161']
triticum vulgare	['e161']
triticum aestivum8	['e161']
citrus decumanus	['e162']
buntan	['e162']
citrus grandis	['e162']
citrus gandis	['e162']
shaddock	['e162']
yu	['e162']
pummelo	['e162']
citrus decumana	['e162']
pomelo	['e162']
citrus maxima	['e162']
triticum turgidum durum group	['e163']
triticum durum subsp. durum	['e163']
duri wheat	['e163']
triticum rigidum ssp. durum	['e163']
triticum durum	['e163']
triticum turgidum subsp. durum	['e163']
triticum rigidum var. durum	['e163']
triticum durum ssp. durum	['e163']
durum wheat	['e163']
triticum rigidum conv. durum	['e163']
chanos chanos	['e164']
milkfish	['e164']
mugil chanos	['e164']
cassia-bark	['e165']
cinnamomum aromaticum	['e165']
cinnamon aromaticum	['e165']
chinese cinnamon	['e165']
cinnamomum cassia	['e165']
lemon grass	['e166']
cymbopogon citratus	['e166']
prickly-pears	['e167']
opuntia	['e167']
asparagus pyramidalis	['e168']
asparagus setaceus	['e168']
asparagus fern	['e168']
asparagus plumosus	['e168']
maize	['e169']
zea mays var. japonica	['e169']
zea mays	['e169']
zea mays mays	['e169']
micropogonias undulatus	['e170']
micropogon undulatus	['e170']
perca undulata	['e170']
atlantic croaker	['e170']
garcinia dulcis	['e171']
crassotrea gigas	['e172']
pacific oyster	['e172']
crassostrea gigas	['e172']
ostrea gigas	['e172']
jamaica-pepper	['e173']
malaqueta	['e173']
pimenta dioica	['e173']
allspice	['e173']
psidium cattleianum	['e174']
psidium cattleyanum	['e174']
psidium catlleyanum	['e174']
common octopus	['e175']
octopus vulgaris	['e175']
cynara scolymus	['e176']
cynara cardunculus subsp. scolymus	['e176']
cynara cardunculus var. scolymus	['e176']
artichoke	['e176']
cynara cardunculus scolymus group	['e176']
globe artichoke	['e176']
piri piri	['e177']
bonnet pepper	['e177']
habanero	['e177']
scotch bonnet	['e177']
rocotillo	['e177']
capsicum chinense	['e177']
crustaceans	['e178']
crustacea	['e178']
ananas comosus var. comosus	['e179']
pineapple	['e179']
bromelia comosa	['e179']
ananas lucidus	['e179']
ananas comosus	['e179']
hoplostethus occidentalis atlanticus	['e180']
hoplostethus atlanticus	['e180']
orange roughy	['e180']
castanea	['e181']
bilberry	['e182']
vaccinium myrtillus	['e182']
whortleberry	['e182']
european chestnut	['e183']
castanea sativa	['e183']
vaccinium parvifolium	['e184']
red-huckleberry	['e184']
vaccinium reticulatum	['e185']
musa	['e186']
sweet banana	['e187']
musa acuminata aa group	['e187']
musa nana	['e187']
banana	['e187', 'e316']
musa sp. 'pisang lilin'	['e187']
musa acuminata	['e187']
dessert bananas	['e187']
musa accumunata	['e187']
dwarf banana	['e187']
musa aa group	['e187']
fagus	['e188']
beech trees	['e188']
coregonus nasus	['e189']
salmo nasus	['e189']
broad whitefish	['e189']
lingenberry	['e190']
vaccinium vitis-ideae	['e190']
vaccinium vitisidaea	['e190']
cowberry	['e190']
vaccinium vitis-idaea	['e190']
caridea	['e191']
clawed lobsters	['e192']
homaridae	['e192']
nephropidae	['e192']
american lobster	['e193']
homarus americanus	['e193']
macadamia tetraphylla	['e194']
queensland-nut	['e194']
poppel nut	['e194']
rough-shell queensland-nut	['e194']
colocasia antiquorum	['e195']
colocasia gongii	['e195']
true lobsters and crayfishes	['e196']
astacura	['e196']
astacidea	['e196']
apple chile	['e197']
manzano	['e197']
chile caballo	['e197']
capsicum pubescens	['e197']
capsicum pubesens	['e197']
rocoto	['e197']
chamburoto	['e197']
borderea	['e198']
tamus	['e198']
dioscorea	['e198']
epipetrum	['e198']
nanarepenta	['e198']
allium	['e199']
allium cepa	['e200']
onion	['e200']
allium ampeloprasum	['e201']
allium porrum	['e201']
leek	['e201']
allium sativum	['e202']
allium longicuspis	['e202']
allium sativa	['e202']
garlic	['e202']
paradise apple	['e203']
ping guo	['e203']
malus pumila	['e203']
malus punila	['e203']
allium clarkei	['e204']
allium uliginosum d.don, 1827, non ledeb., 1829, nec kanitz, 1863	['e204']
allium tuberosum	['e204']
spiny lobsters	['e205']
palinuridae	['e205']
asparagus officianalis	['e206']
garden asparagus	['e206']
asparagus officinalis long	['e206']
asparagus officinalis	['e206']
cirsium	['e207']
rubus chamaemorus	['e208']
origanum majorana	['e209']
majorana hortensis	['e209']
sweet marjoram	['e209']
origanum dubium	['e209']
paralithodes camtschaticus	['e210']
red king crab	['e210']
maja camtschatica	['e210']
kamchatka crab	['e210']
paralithodes camtschatica	['e210']
petasites japonicus	['e211']
dromaius novaehollandiae	['e212']
dromaius novae-hollandiae	['e212']
emu	['e212']
casuarius novaehollandiae	['e212']
dromaius noveahollandiae	['e212']
agave	['e213']
curlew-berry	['e214']
crakeberry	['e214']
black crowberry	['e214']
empetrum nigrum	['e214']
crocus sativus	['e215']
saffron crocus	['e215']
struthio camelus	['e216']
ostrich	['e216']
african ostrich	['e216']
struthio camelus domesticus	['e216']
true crabs	['e217']
brachyura	['e217']
short-tailed crabs	['e217']
raphanus sativus var. radicula	['e218']
raphanus sativus var. sativus	['e218']
chinese bayberry	['e219']
morella rubra	['e219']
yang mei	['e219']
chinese arbutus	['e219']
myrica rubra	['e219']
yama-momo	['e219']
tendergreen	['e220']
brassica rapa var. perviridis	['e220']
kabuna	['e220']
brassica rapa (perviridis group)	['e220']
spinach mustard	['e220']
blue crab	['e221']
portunidae sp. opc-2018	['e221']
callinectes sapidus	['e221']
calinectes sapidus	['e221']
pachyrhizus erosus	['e222']
potato-bean	['e222']
yam-bean	['e222']
jicama	['e222']
crataegus	['e223']
hawthorn	['e223']
custard-apple	['e224']
annona squamosa	['e224']
sweetsop	['e224']
sugar-apple	['e224']
ata	['e224']
vaccinium myrtilloides	['e225']
anatidae	['e226']
waterfowl	['e226']
anas boschas	['e227']
pekin duck	['e227']
anas platyrhynchos	['e227']
mallard ducks	['e227']
anas domesticus	['e227']
mallard duck	['e227']
beijing ducks	['e227']
peking duck	['e227']
anas platyrhynchus	['e227']
domestic duck	['e227']
duck	['e227']
anas platyrhynchos f. domestica	['e227']
mallard	['e227']
domestic goose	['e228']
graylag goose	['e228']
anser anser	['e228']
anas anser	['e228']
greylag goose	['e228']
undaria pinnatifida	['e229']
microcitrus	['e230']
eremocitrus	['e230']
citrus	['e230']
fortunella	['e230']
malabar-plum	['e231']
rose-apple	['e231']
eugenia jambos	['e231']
syzygium jambos	['e231']
jambos	['e231']
jambosa vulgaris	['e231']
lemon	['e232']
citrus x limon	['e232']
citrus lemona	['e232']
citrus limonum risso, 1813	['e232']
citrus lemon	['e232']
citrus limon	['e232']
french tarragon	['e233']
artemisia dracunculus	['e233']
tarragon	['e233']
koenigia alpina	['e234']
polygonum alpinum	['e234']
aconogonon alpinum	['e234']
citrus sinensis	['e235']
citrtus sinensis	['e235']
citrus x sinensis	['e235']
naranja	['e235']
sweet orange	['e235']
navel orange	['e235']
apfelsine	['e235']
valencia orange	['e235']
vaccinium virgatum	['e236']
wapato	['e237']
duck potato	['e237']
sagittaria latifolia	['e237']
sagitaria latifolia	['e237']
pyrus balansae	['e238']
pear	['e238']
pyrus communis	['e238']
canarium ovatum	['e239']
cancer norvegicus	['e240']
norway lobster	['e240']
nephrops norvegicus	['e240']
ribes nignum	['e241']
ribes nigrum	['e241']
european black currant	['e241']
bramble	['e242']
rubus	['e242']
juniperus comunis	['e243']
juniperus vulgaris	['e243']
common juniper	['e243']
juniperus communis	['e243']
fenugreek	['e244']
trigonella foenum-graecum	['e244']
trigonella foenum-graceum	['e244']
trigonella foenumgraecum	['e244']
rhodophytes	['e245']
red algae	['e245']
rhodophycota	['e245']
rhodophyceae	['e245']
rhodophyta	['e245']
raphanus sativus var. hortensis	['e246']
raphanus sativus var. niger	['e246']
chinese radish	['e246']
daikon	['e246']
kaiware daikon	['e246']
raphanus sativus var. longipinnatus	['e246']
raphanus sativus chinese radish group	['e246']
japanese radish	['e246']
chondrus crispus	['e247']
carragheen	['e247']
carrageen	['e247']
carageen	['e247']
irish moss	['e247']
eucheuma	['e248']
syzygium aromaticum	['e249']
eugenia aromatica	['e249']
clove	['e249']
caryophyllus aromaticus	['e249']
eugenia caryophyllata	['e249']
anthemis nobilis	['e250']
chamaemelum nobile	['e250']
elettaria cardamom	['e251']
amomum cardamomum	['e251']
eletaria cardamomum	['e251']
cardamom	['e251']
elettaria cardamomum	['e251']
cardamon	['e251']
chrysanthemum coronaria	['e252']
crown daisy	['e252']
glebionis coronaria	['e252']
chrysanthemum coronarium	['e252']
pigeons	['e253']
columbidae	['e253']
columba	['e254']
cynoscion	['e255']
clinocardium nuttallii	['e256']
cardium nuttallii	['e256']
elaeis	['e257']
buffalo currant	['e258']
ribes aureum	['e258']
golden currant	['e258']
sparus chrysops	['e259']
scup	['e259']
stenotomus chrysops	['e259']
chaemerion angustifolium	['e260']
epilobium angustifolium	['e260']
chamerion angustifolium	['e260']
fireweed	['e260']
chamaenerion angustifolium	['e260']
citrus sinensis x citrus grandis	['e261']
citrus sinensis x citrus maxima	['e261']
citrus paradisi	['e261']
grapefruit	['e261']
citrus x paradisi	['e261']
brassica napus var. napus	['e262']
brassica napus var. oleifera	['e262']
annual rape	['e262']
brassica napus subsp. napus	['e262']
canola	['e262']
brassica napus subsp. oleifera	['e262']
brassica oleracea var. costata	['e263']
bedford cabbage	['e263']
braganza	['e263']
seakale cabbage	['e263']
tronchuda kale	['e263']
portuguese kale group	['e263']
helmeted guineafowl	['e264']
phasianus meleagris	['e264']
numida meleagris	['e264']
annona reticulata	['e265']
anona corazon	['e265']
bullock's-heart	['e265']
maman	['e265']
vaccinium angustifolium x vaccinium corymbosum	['e266']
turkeys	['e267']
phasianidae	['e267']
meleagrididae	['e267']
north pacific giant octopus	['e268']
polypus dofleini	['e268']
octopus punctatus	['e268']
octopus dofleini	['e268']
polypus gilbertianus	['e268']
giant octopus	['e268']
enteroctopus dofleini	['e268']
kohlrabi	['e269']
brassica oleracea var. gongylodes	['e269']
brassica oleraces var. carlorapa	['e269']
brassica oleracea var. caulorapa	['e269']
satureja hortensis	['e270']
summer savory	['e270']
winter savory	['e271']
satureja montana	['e271']
phasianus gallus	['e272']
chicken	['e272']
chickens	['e272']
dwarf leghorn chickens	['e272']
gallus domesticus	['e272']
bantam	['e272']
gallus gallus	['e272']
red junglefowl	['e272']
gallus gallus domesticus	['e272']
garden thyme	['e273']
thymus vulgaris	['e273']
thyme	['e273']
pacific cod	['e274']
gadus macrocefalus	['e274']
gadus macrocephalus	['e274']
gadus esmarkii	['e275']
trisopterus esmarkii	['e275']
norway pout	['e275']
trisopterus esmarki	['e275']
european cranberry	['e276']
oxycoccus palustris subsp. palustris	['e276']
oxycoccus palustris	['e276']
vaccinium palustre	['e276']
vaccinium oxycoccus	['e276']
mossberry	['e276']
oxycoccus quadripetalus	['e276']
vaccinium oxycoccos	['e276']
pimpinella anisum	['e277']
opuntia macrorhiza	['e278']
phasianus colchicus	['e279']
ring-necked pheasant	['e279']
common pheasant	['e279']
laminaria	['e280']
mangosteen	['e281']
garcinia mangostana	['e281']
stachys sieboldii	['e282']
japanese artichoke	['e282']
stachys affinis	['e282']
kangra buckwheat	['e283']
fagopyrum tataricum	['e283']
polygonum tataricum	['e283']
tartarian buckwheat	['e283']
fagopyrum tartaricum	['e283']
sparus probatocephalus	['e284']
archosargus probatocephalus	['e284']
sheepshead seabream	['e284']
meleagris	['e285']
turkey	['e286']
common turkey	['e286']
wild turkey	['e286']
meleagris gallopavo	['e286']
caraway	['e287']
carum carvi	['e287']
piper nigrum	['e288']
piper lampong	['e288']
rubus adenotrichos	['e289']
rubus adenotrichos schltdl., 1839	['e289']
babyloniidae	['e290']
buccinidae	['e290']
anethum foeniculum	['e291']
fennel	['e291']
feoniculum vulgare	['e291']
foeniculum vulgare	['e291']
levisticum officinale	['e292']
lovage	['e292']
vitis rotundifolia	['e293']
fox grape	['e293', 'e294']
muscadine	['e293']
muscadinia rotundifolia	['e293']
vitis labrusca	['e294']
vitis larusca	['e294']
concord grape	['e294']
greenland right whale	['e295']
balaea mysticetus	['e295']
balaena mysticetus	['e295']
bowhead whale	['e295']
bowhead	['e295']
balaena mysticeti	['e295']
red-sorrel	['e296']
hibiscus sabdariffa	['e296']
sereni	['e296']
roselle	['e296']
yellowtail amberjack	['e297']
seriola lalandi	['e297']
seriola lalandei	['e297']
hippophae rhamnoides	['e298']
elaeagnus rhamnoides	['e298']
sea-buckthorn	['e298']
sea buckthorn	['e298']
sallowthorn	['e298']
matricaria recutita	['e299']
matricaria chamomilla var. recutita	['e299']
german chamomile	['e299']
solanum lycopersicum var. cerasiforme	['e300']
lycopersicon esculentum var. cerasiforme	['e300']
cherry tomato	['e300']
chinese chestnut	['e301']
castanea mollissima	['e301']
scombermorus maculatus	['e302']
scomber maculatus	['e302']
scomberomorus maculata	['e302']
spanish mackerel	['e302']
scomberomorus maculatus	['e302']
euphoria longana	['e303']
longan	['e303']
dimocarpus longan	['e303']
celery	['e304']
apium graveolens dulce group	['e304']
stalk celery	['e304']
apium graveolens var. dulce	['e304']
mentha cordifolia	['e305']
mentha cordiflolia	['e305']
mentha spicata	['e305']
mentha viridis	['e305']
mentha crispa var. crispata f. reticulata	['e305']
spearmint	['e305']
mentha x villosa var. cordifolia	['e305']
mentha x cordifolia	['e305']
prunus cerasus	['e306']
pie cherry	['e306']
prunus vulgaris	['e306']
cerasus vulgaris	['e306']
sour cherry	['e306']
turmeric	['e307']
curcuma domestica	['e307']
curcuma longa	['e307']
anonna muricata	['e308']
soursop	['e308']
annona muricata	['e308']
prickly custard apple	['e308']
guanabana	['e308']
arugula	['e309']
eruca sativa	['e309']
garden rocket	['e309']
eruca vesicaria subsp. sativa	['e309']
pacific halibut	['e310']
hippoglossus stenolepis	['e310']
allium fistulosum	['e311']
allium fistuolosum	['e311']
japanese bunching onion	['e311']
welsh onion	['e311']
phaseolus chrysanthos	['e312']
vigna calcarata	['e312']
mambi-bean	['e312']
phaseolus calcaratus	['e312']
phaseolus chrysanthus	['e312']
rice bean	['e312']
vigna umbellata	['e312']
dandelion	['e313']
taraxacum officinale	['e313']
taraxacum officinalis	['e313']
taraxacum officinale agg	['e313']
borago officinalis	['e314']
kuri	['e315']
japanese chestnut	['e315']
castanea crenata	['e315']
musa sapientum	['e316']
musa paradisiaca	['e316']
musa x sapientum	['e316']
musa sp. rn-2001	['e316']
musa acuminata x musa balbisiana	['e316']
musa lactan	['e316']
musa x paradisiaca	['e316']
vitis vinifera subsp. vinifera	['e317']
vitis vinifera	['e317']
wine grape	['e317']
mugil cephalotus	['e318']
flathead mullet	['e318']
mugil galapagensis	['e318']
formosan grey mullet	['e318']
mugil cephalus	['e318']
mugil japonicus	['e318']
formosan gray mullet	['e318']
portulaca oleracea	['e319']
portulaca oleraceae	['e319']
tilia	['e320']
lindens	['e320']
morchellaceae	['e321']
juglans ailanthifolia	['e322']
juglans ailantifolia	['e322']
juglans cinerea	['e323']
mango	['e324']
magnifera indica	['e324']
mangifera indica	['e324']
kaki persimmon	['e325']
japanese persimmon	['e325']
kaki	['e325']
dospyros kaki	['e325']
diospyros kaki	['e325']
bei xuan gou zi	['e326']
arctic raspberry	['e326']
rubus arcticus	['e326']
carya	['e327']
anacardiaceae sp. b1-018	['e328']
durian	['e328']
durio zibethinus	['e328']
natoba	['e329']
dolichos lab lab	['e329']
antaque	['e329']
dolichos lablab	['e329']
carmelita	['e329']
dolichos purpureus	['e329']
lablab purpureus	['e329']
frijol caballero	['e329']
banner bean	['e329']
hyacinth bean	['e329']
sago palm	['e330']
metroxylon sagu	['e330']
puna chicory	['e331']
radicchio	['e331']
chicory	['e331']
cichorium intybus	['e331']
cychorium intybus	['e331']
succory	['e331']
cinnamomum	['e332']
ribes glandulosum	['e333']
skunk currant	['e333']
fetid currant	['e333']
liopsetta limanda	['e334']
pleuronectes limanda	['e334']
dab	['e334']
limanda limanda	['e334']
common dab	['e334']
northern red currant	['e335']
ribes rubrum	['e335']
ribes sativum	['e335']
red currant	['e335']
coregonus	['e336']
psilanthus	['e337']
coffee	['e337', 'e338']
coffea	['e337']
arabica coffee	['e338']
coffea arabica	['e338']
corylus	['e339']
hazelnuts	['e339']
corylus avellana	['e340']
european hazelnut	['e340']
maranta arundinacea	['e341']
maranta arundinaceae	['e341']
eugenia	['e342']
nagapiry	['e343']
surinam-cherry	['e343']
brazil-cherry	['e343']
eugenia uniflora	['e343']
pitanga	['e343']
eugenia myrtifolia salisb., 1796 non eugenia myrtifolia sims, 1821, nec eugenia myrtifolia roxb., 1832, nec eugenia myrtifolia cambess., 1833	['e343']
allium schoenoprasum	['e344']
chive	['e344']
allium schoenopasum	['e344']
vaccinium elliottii	['e345']
anas fusca	['e346']
melanitta fusca	['e346']
velvet scoter	['e346']
white-winged scoter	['e346']
lagopus muta	['e347']
tetrao mutus	['e347']
lagopus mutus	['e347']
rock ptarmigan	['e347']
mountain hare	['e348']
lepus timidus	['e348']
lepus tanaiticus	['e348']
cyathea	['e349']
hymenophyllopsis	['e349']
cnemidaria	['e349']
pleuronectes hippoglossoides	['e350']
greenland halibut	['e350']
greenland flounder	['e350']
reinhardtius hippoglossoides	['e350']
diospyros	['e351']
possum apple	['e352']
diospyros virginiana	['e352']
american persimmon	['e352']
salmo tshawytscha	['e353']
king salmon	['e353']
oncorhynchus tshawytsha	['e353']
oncorhynchus tshawytscha	['e353']
chinook salmon	['e353']
oncorhynchus tschawytscha	['e353']
yusura-ume	['e354']
mao ying tao	['e354']
prunus tomentosa	['e354']
cerasus tomentosa	['e354']
downy cherry	['e354']
hirneola auricula-judae	['e355']
hirneola auricula-juda	['e355']
wood ear	['e355']
auricularia auricula-judae	['e355']
tremella auricula-judae	['e355']
auricularia auricula-judae (bull.) quél., 1886	['e355']
auricularia auricula	['e355']
ear fungus	['e355']
auricularia polytricha	['e356']
chinese wood ear	['e356']
auricularia polytrichia	['e356']
mate	['e357']
brazilian-tea	['e357']
ilex paraguariensis a.st.-hil., 1822	['e357']
yerba mate	['e357']
ilex paraguariensis	['e357']
brassica rapa subsp. chinensis var. communis	['e358']
brassica chinensis	['e358']
brassica campestris subsp. chinensis (l.) makino, 1912	['e358']
brassica rapa var. utilis	['e358']
brassica rapa var. chinensis	['e358']
brassica rapa subsp. chinensis	['e358']
brassica oleracea var. chinensis	['e358']
brassica rapa (chinensis group)	['e358']
brassica chinensis var. communis	['e358']
brassica rapa var. utilis m.tsen & s.h.lee	['e358']
brassica rapa pak choi group	['e358']
brassica campestris subsp. chinensis var. communis	['e358']
brassica campestris ssp. chinensis var. communis	['e358']
brassica rapa var. amplexicaulis	['e358']
brassica rapa var. communis	['e358']
brassica campestris l. ssp. chinensis	['e358']
bok-choy	['e358']
agaricus ostreatus	['e359']
pleurotus ostreatus	['e359']
shimeji	['e359']
oyster mushroom	['e359']
lopholatilus chamaeleonticeps	['e360']
great northern tilefish	['e360']
matteuccia struthopteris	['e361']
matteuccia struthiopteris	['e361']
ostrich fern	['e361']
button mushroom	['e362']
agaricus brunnescens	['e362']
cultivated mushroom	['e362']
agaricus bisporus	['e362']
agaricus bisporus var. albidus	['e362']
agaricus bisporus var. albidus (nom. inval.)	['e362']
common mushroom	['e362']
psalliota hortensis f. bispora	['e362']
cantharellus cibarius	['e363']
chanterelle	['e363']
laurus nobilis	['e364']
bay laurel	['e364']
lenitula edodes	['e365']
lentinula edodes	['e365']
lentinus edodes	['e365']
agaricus edodes	['e365']
shiitake mushroom	['e365']
cuminum cyminum	['e366']
cumin	['e366']
maidenhair tree	['e367']
ginkgo biloba var. epiphylla	['e367']
gingko biloba	['e367']
ginkgo	['e367']
ginkgo biloba f. epiphylla	['e367']
ginkgo biloba	['e367']
morus nigra	['e368']
albizia gummifera	['e369']
mazzard	['e370']
prunus cerasus var. avium	['e370']
gean	['e370']
cerasus avium	['e370']
sweet cherry	['e370']
prunus avium	['e370']
salvia elegans	['e371']
physalis philadelphica var. immaculata	['e372']
pinus	['e373']
ziziphus sp.	['e374']
zizyphus sp.	['e374']
pinus edulis	['e375']
pinyon	['e375']
dungeness crab	['e376']
cancer magister	['e376']
metacarcinus magister	['e376']
pomatomus saltatrix	['e377']
gasterosteus saltatrix	['e377']
gasterosteus carolinus	['e378']
florida pompano	['e378']
trachinotus carolinus	['e378']
gadus molva	['e379']
molva molva	['e379']
ling	['e379']
vaccinium angustifolium	['e380']
lowbush blueberry	['e380']
vaccinium angustifolia	['e380']
lime	['e381']
citrus aurantiifolia	['e381']
citrus x aurantifolia	['e381']
citrus x aurantiifolia	['e381']
citrus aurantifolia	['e381']
nuphar luteum	['e382']
yellow water lily	['e382']
nuphar lutea	['e382']
mentha	['e383']
mints	['e383']
clausena lansium	['e384']
rubus occidentalis	['e385']
black raspberry	['e385']
coregonus artedi	['e386']
cisco	['e386']
coregonus artedii	['e386']
rubus ulmifolius	['e387']
daucus carota subsp. sativus	['e388']
daucus carota subsp. sativa	['e388']
daucus carota var. sativus	['e388']
dollar fish	['e389']
peprilus triacanthus	['e389']
poronotus triacanthus	['e389']
pumpkin scad	['e389']
stromateus triacanthus	['e389']
sheephead	['e389']
american butterfish	['e389']
date palm	['e390']
phoenix dactylifera	['e390']
laurus persea	['e391']
avocado	['e391']
persea americanum	['e391']
persea gratissima	['e391']
persea americana var. tolimanensis	['e391']
persea tolimanensis	['e391']
persea americana	['e391']
scomber scombrus	['e392']
atlantic mackerel	['e392']
scomber scomber	['e392']
king mackerel	['e393']
cybium cavalla	['e393']
scomberomorus cavalla	['e393']
scombermorus cavalla	['e393']
perideridia oregana	['e394']
bubalis arnee bubalis	['e395']
water buffalo	['e395']
bubalus bubalus	['e395']
domestic water buffalo	['e395']
river buffalo	['e395']
bubalus bubalis	['e395']
bubalus arnee bubalis	['e395']
bubalis bubalis	['e395']
bos bubalis	['e395']
smelts	['e396']
osmeridae	['e396']
capsicum frutescens var. grossum	['e397']
capsicum annuum var. grossum	['e397']
chilli pepper	['e397']
red pepper	['e397']
capsicum annuum var. acuminatum	['e397']
capsicum annuum var. angulosum	['e397']
capsicum annuum var. acuminata	['e397']
pimento	['e397']
sweet pepper	['e397']
capsicum annuum var. annuum	['e397']
merlangus pollachius	['e398']
gadus pollachius	['e398']
pollachius pollachius	['e398']
pollack	['e398']
papaver	['e399']
opium poppy	['e400']
papaver somniferum	['e400']
papaver somnifera	['e400']
papaver somniferum convar. nigrum (hayne) alef.	['e400']
wild mint	['e401']
mentha villosa	['e401']
field mint	['e401']
mentha arvensis	['e401']
beta vulgaris cicla group	['e402']
beta vulgaris subsp. cicla	['e402']
beta vulgaris subsp. cicia	['e402']
artocarpus heterophyllus	['e403']
artocarpus heterophylla	['e403']
atrocarpus heterophylla	['e403']
jackfruit	['e403']
tragopogon porrifolius	['e404']
tragopogon porrifolious	['e404']
oyster plant	['e404']
salsify	['e404']
ficus carica	['e405']
common fig	['e405']
mulberries	['e406']
mulberry trees	['e406']
morus	['e406']
morus sinensis	['e407']
morus alba	['e407']
white mulberry	['e407']
vaccinium	['e408']
large cranberry	['e409']
oxycoccus macrocarpos	['e409']
vaccinium macrocarpon	['e409']
vaccinium macrocarpum	['e409']
american cranberry	['e409']
myrica	['e410']
quercus	['e411']
clupea tyrannus	['e412']
brevoortia tyrannus	['e412']
atlantic menhaden	['e412']
mossbunker	['e412']
common pokeberry	['e413']
american pokeweed	['e413']
virginia poke	['e413']
common pokeweed	['e413']
red stem pokeweed	['e413']
phytolacca decandra	['e413']
phytolacca americana	['e413']
carya illinoensis	['e414']
pecan	['e414']
carya illinoensis wang k. koch	['e414']
carya illinoiensis	['e414']
carya illinoinensis	['e414']
mentha aquatica x mentha spicata	['e415']
mentha x piperita glacialis	['e415']
mentha x piperita	['e415']
mentha piperita	['e415']
mentha x piperita var. officinalis	['e415']
mentha x piperita var. officinalis f. rubescens	['e415']
peppermint	['e415']
sebastes viviparus	['e416']
norway redfish	['e416']
angelica keiskei	['e417']
amelanchier florida	['e418']
amelanchier alnifoila	['e418']
amelanchier alnifolia	['e418']
perca scriba	['e419']
serranus scriba	['e419']
paracentropristis scriba	['e419']
painted comber	['e419']
rhaphiolepis loquata	['e420']
eriobotrya japonica	['e420']
rhaphiolepis bibas	['e420']
mespilus japonica	['e420']
crataegus bibas	['e420']
loquat	['e420']
guava	['e421']
psidium guajava	['e421']
white goosefoot	['e422']
chenopodium viride	['e422']
chenopodium album	['e422']
lamb's-quarters	['e422']
pigweed	['e422']
spinach oleracea	['e423']
spinaca oleracea	['e423']
spinacia oleracea	['e423']
spinach	['e423']
spinacia oleracea l	['e423']
spinacea oleracea	['e423']
spinacia oleracea0	['e423']
odobenus rosmarus	['e424']
walrus	['e424']
tamarindus indica	['e425']
tamarindus indicus	['e425']
tamarind	['e425']
amaranthus	['e426']
phocidae	['e427']
crawling seals	['e427']
seal	['e427']
seals	['e427']
earless seals	['e427']
true seals	['e427']
pusa hispida	['e428']
phoca hispida	['e428']
ringed seal	['e428']
red raspberry	['e429']
european raspberry	['e429']
rubus idaeu	['e429']
rubus idaeus	['e429']
cetaceans	['e430']
whales, dolphins, and porpoises	['e430']
whale	['e430']
whales & dolphins	['e430']
whales	['e430']
cetacea	['e430']
grifola frondoasa	['e431']
grifola frondosa	['e431']
maitake	['e431']
ceylon-spinach	['e432']
basella rubra l., 1753	['e432']
basella alba	['e432']
wapiti	['e433']
elk	['e433']
cervus canadensis	['e433']
apostichopus californicus	['e434']
parastichopus californicus	['e434']
brassica oleracea savoy cabbage group	['e435']
brassica oleracea var. sabauda	['e435']
vitis	['e436']
apium graveolens var. secalinum	['e437']
apium graveolens secalinum group	['e437']
leaf celery	['e437']
chinese celery	['e437']
vitis rufotomentosa	['e438']
vitis aestivalis	['e438']
beluga whale	['e439']
white whale	['e439']
delphinus leucas	['e439']
delphinapterus leucas	['e439']
beluga	['e439']
lychee	['e440']
litchi chinensis	['e440']
litchi	['e440']
nephelium lappaceum	['e441']
rambutan	['e441']
tunicates	['e442']
tunicata	['e442']
urochordata	['e442']
polygonum fagopyrum	['e443']
fagopyrum sagittatum	['e443']
fagopyrum esculentum	['e443']
common buckwheat	['e443']
rumex	['e444']
butyrospermum paradoxum subsp. parkii	['e445']
butyrospermum parkii	['e445']
shea-buttertree	['e445']
butyrospermum paradoxum	['e445']
vitellaria paradoxa	['e445']
karite-nu	['e445']
vitellara paradoxa	['e445']
ipomoea aquatica	['e446']
chinese water-spinach	['e446']
rheum x cultorum	['e447']
rheum rhabarbarum	['e447']
garden rhubarb	['e447']
rhubarb	['e447']
rheum x hybridum	['e447']
rheum x rhabarbarum	['e447']
sea squirts	['e448']
ascidiacea	['e448']
actinidia chinesis	['e449']
golden kiwifruit	['e449']
zhong hua mi hou tao	['e449']
actinidia chinensis	['e449']
kiwifruit	['e450']
actinidia chinensis var. deliciosa	['e450']
actinidia chinensis deliciosa	['e450']
chinese gooseberry	['e450']
actinidia deliciosa	['e450']
paullinia cupana	['e451']
guarana	['e451']
gossypium	['e452']
spelt	['e453']
triticum spelta	['e453']
triticum aestivum subsp. spelta	['e453']
chocolate	['e454']
theobroma cacao	['e454']
cocoa	['e454']
cacao	['e454']
bertholletia excelsa	['e455']
brazil nut	['e455']
corchorus olitorius	['e456']
nalta jute	['e456']
pseudocorchorus sp. randrianasolo 519	['e456']
papaya	['e457']
carica papaya	['e457']
carica payaya	['e457']
mamon	['e457']
mandarin orange	['e458']
citrus chachiensis	['e458']
citrus poonensis	['e458']
citrus reticulata	['e458']
tangerine	['e458']
equus przewalskii forma caballus	['e459']
equus przewalskii f. caballus	['e459']
horse	['e459']
equine	['e459']
equus caballus	['e459']
domestic horse	['e459']
trachurus symetricus	['e460']
pacific jack mackerel	['e460']
trachurus symmetricus	['e460']
caranx symmetricus	['e460']
cocos nucifera	['e461']
coconut palm	['e461']
citrullus lanatus vulgaris	['e462']
citrullus lanatus var. lanatus	['e462']
citrullus lanatus	['e462']
momordica lanata	['e462']
citrullus lanatus subsp. vulgaris	['e462']
watermelon	['e462']
citrullus battich	['e462']
citrullus vulgaris	['e462']
wild melon	['e462']
muskmelon	['e463']
oriental melon	['e463']
cucumis melo var. markuwa markino	['e463']
cucumis melo	['e463']
cucurbita melo l.	['e463']
thelesperma	['e464']
cucumis melo subsp. melo var. reticulatus	['e465']
cucumis melo subsp. melo var. cantalupensis	['e465']
cucumis melo var. reticulatus	['e465']
cucumis melo subsp. melo var. cantaloupensis	['e465']
cantaloupe	['e465']
cucumis melo subsp. melo var. cantalupo	['e465']
cucumis melo var. cantalupo	['e465']
persian melo	['e465']
netted muskmelon	['e465']
cucumis melo cantalupensis group	['e465']
cucumis melo var. cantalupensis	['e465']
nutmeg melon	['e465']
cucumis sativus	['e466']
cucumis sativu	['e466']
cucumbers	['e466']
cucumber	['e466']
squashes	['e467']
marrows	['e467']
cucurbita	['e467']
pumpkins	['e467']
boston marrow	['e468']
cucurbita maxima	['e468']
winter squash	['e468']
great pumpkin	['e468']
cucurbita moschata	['e469']
canada pumpkin	['e469']
cushaw squash	['e469']
lacayote	['e469']
crookneck pumpkin	['e469']
ayote	['e469']
crookneck winter squash	['e469']
zizania	['e470']
wild rice	['e470']
cucurbita lagenaria	['e471']
lageneria siceraria	['e471']
cucurbita siceraria	['e471']
white-flowered gourd	['e471']
lagenaria vulgaris	['e471']
lagenaria leucantha	['e471']
bottle gourd	['e471']
calabash	['e471']
lagenaria siceraria	['e471']
luffa aegyptiaca	['e472']
dishcloth gourd	['e472']
loofa	['e472']
sponge gourd	['e472']
vegetable sponge	['e472']
luffa cylindrica m.roem., 1768	['e472']
smooth loofah	['e472']
bitter melon	['e473']
balsam pear	['e473']
mormordica charanti	['e473']
momordica charentia	['e473']
bitter gourd	['e473']
momordica charantia	['e473']
sus	['e474']
celeriac	['e475']
celery knob	['e475']
apium graveolens var. rapaceum	['e475']
apium graveolens celeriac group	['e475']
apium graveolens rapaceum group	['e475']
cinnamomum zeilanicum	['e476']
cinnamomum verum	['e476']
cinnamomum zeylanicum	['e476']
cinnamon	['e476', 'e332']
ceylon cinnamon	['e476']
swine	['e477']
wild boar	['e477']
pig	['e477']
sus scrofa	['e477']
sus scrofus	['e477']
pigs	['e477']
sus scrofa domesticus	['e478']
sus domesticus	['e478']
sus scrofa domestica	['e478']
sus domestica	['e478']
domestic pig	['e478']
hericium erinaceous	['e479']
hericeum erinaceus	['e479']
hericium erinaceum	['e479']
hericium erinaceus	['e479']
hydnum erinaceus	['e479']
bearded tooth	['e479']
escarole	['e480']
cichorium endivia	['e480']
endive	['e480']
cicorium endivia	['e480']
scorzonera hispanica	['e481']
scorzonera glastifolia	['e481']
black salsify	['e481']
black oysterplant	['e481']
scozonera hispanica	['e481']
common viper's-grass	['e481']
pseudopodospermum hispanicum	['e481']
squalus acanthias	['e482']
spiny dogfish	['e482']
horseradish	['e483']
armoracia lapathifolia	['e483']
armoracia laphatifolia	['e483']
armoracia rusticana	['e483']
armoracia rustica	['e483']
brassica	['e484']
deer	['e485']
cervidae	['e485']
brown mustard	['e486']
indian mustard	['e486']
brassica juncea	['e486']
brassica napus	['e487']
rapeseeds	['e487']
oilseed rape	['e487']
rape	['e487', 'e262']
psoralea esculenta	['e488']
pediomelum esculentum	['e488']
brassica rapa	['e489']
field mustard	['e489']
wild cabbage	['e490']
brassica oleracea	['e490']
brassica oleracea subsp. acephala	['e491']
brassica oleracea var. viridis	['e491']
kale	['e491']
fodder kale	['e491']
collards	['e491']
brassica oleracea var. acephala	['e491']
brassica oleracea var. alboglabra	['e492']
brassica alboglabra	['e492']
chinese kale	['e492']
chinese broccoli	['e492']
brassica oleracea var. botrytis	['e493']
brassica oleracea cauliflower group	['e493']
cauliflower	['e493']
brassica oleracea subsp. botrytis	['e493']
brassica oleracea botrytis	['e493']
narrow-leaf cattail	['e494']
typha angustifolia	['e494']
abramis brama	['e495']
common bream	['e495']
cyprinus brama	['e495']
bream	['e495']
cabbage	['e496']
brassica oleracea var. capitata	['e496']
radish	['e497']
raphanus sativus	['e497']
odocoileus	['e498']
white mustard	['e499']
yellow mustard	['e499']
sinapis alba	['e499']
brassica hirta	['e499']
sinabs alba	['e499']
bai jie	['e499']
sisymbrium	['e500']
vaccinium corymbosum	['e501']
american blueberry	['e501']
highbush blueberry	['e501']
virola surinamensis	['e502']
maranga	['e503']
moringa oleifera	['e503']
horseradish tree	['e503']
moringa pterygosperma	['e503']
carrisa macrocarpa	['e504']
carissa macrocarpa	['e504']
chicle	['e505']
sapodilla	['e505']
achras zapota	['e505']
achras sapota	['e505']
manilkara zapota	['e505']
fragaria x ananassa	['e506']
fragraria x ananassa	['e506']
strawberry	['e506']
fragaria chiloensis x fragaria virginiana	['e506']
fragaria virginiana x fragaria chiloensis	['e506']
fragaria ananassa	['e506']
malus	['e507']
malus communis	['e508']
malus sylvestris var. domestica	['e508']
apple	['e508', 'e203']
malus x domestica	['e508']
malus domestica	['e508']
malus pumila auct.	['e508']
pyrus malus	['e508']
pyrus malus var. domestica	['e508']
apple tree	['e508']
malus pumila var. domestica	['e508']
cultivated apple	['e508']
rhombus maximus	['e509']
scophthalmus maximus	['e509']
scopthalmus maximus	['e509']
turbot	['e509']
pleuronectes maximus	['e509']
psetta maxima	['e509']
dioscorea pentaphyla	['e510']
wu ye shu yu	['e510']
dioscorea pentaphylla	['e510']
prunus subg. armeniaca	['e511']
armeniaca	['e511']
prunus	['e511']
maddenia	['e511']
prunus subg. amygdalus	['e511']
cerasus	['e511']
amygdalus	['e511']
sweet almond	['e512']
prunus dulcis var. sativa	['e512']
prunus dulcis	['e512']
almond	['e512']
amygdalus communis	['e512']
prunus communis	['e512']
prunus amygdalus	['e512']
amygdalus dulcis	['e512']
bos (bison) bison	['e513']
bison	['e513']
bison bison	['e513']
bos bison	['e513']
american bison	['e513']
plum	['e514']
prunus domestica	['e514']
prunus domestica subsp. intermedia	['e514']
prunus persica var densa	['e515']
prunus persica	['e515']
persica vulgaris	['e515']
amygdalus persica	['e515']
prunus persica var. densa	['e515']
peach	['e515']
citrus clementina	['e516']
citrus x clementina	['e516']
citrus clemntina	['e516']
clementine	['e516']
citrus deliciosa x citrus sinensis	['e516']
rosa	['e517']
pyrus serotina	['e518']
ficus pyrifolia	['e518']
sha li	['e518']
pyrus pyrifolia	['e518']
domestic cow	['e519']
bovidae sp. adi nefas	['e519']
bovine	['e519']
domestic cattle	['e519']
bos taurus	['e519']
cow	['e519']
bos tauurus	['e519']
bos primigenius taurus	['e519']
cattle	['e519']
dairy cow	['e519']
ox	['e519']
bos bovis	['e519']
pleuronectes kitt	['e520']
microstomus kitt	['e520']
lemon sole	['e520']
carpa hircus	['e521']
capra aegagrus hircus	['e521']
goat	['e521']
african dwarf goats	['e521']
naine d'afrique de l'ouest	['e521']
south african angora goat	['e521']
capra hircus	['e521']
goats	['e521']
african dwarf goat	['e521']
domestic goat	['e521']
breadfruit	['e522']
artocarpus altilis	['e522']
artocarpus communis	['e522']
chinese water-chestnut	['e523']
eleocharis dulcis	['e523']
eleocharis plantagineiformis	['e523']
brosimum alicastrum	['e524']
vigna sesquipedalis	['e525']
yard-long-bean	['e525']
vigna unguiculata sesquipedalis group	['e525']
vigna unguiculata subsp. unguiculata (sesquipedalis group)	['e525']
vigna unguiculata subsp. sesquipedalis	['e525']
vigna unguiculata subsp. unguiculata sesquipedalis group	['e525']
sheep	['e526']
ovis ovis	['e526']
domestic sheep	['e526']
ovis aries	['e526']
ovis ammon aries	['e526']
lambs	['e526']
wild sheep	['e526']
ovis orientalis aries	['e526']
triticum orientale percival, 1921, non m.bieb., 1808	['e527']
triticum turanicum	['e527']
triticum turgidum subsp. turanicum	['e527']
sturgeons	['e528']
acipenseridae	['e528']
south american pilchard	['e529']
sardinops sagax	['e529']
clupea sagax	['e529']
acipenser	['e530']
boreogadus poutassou	['e531']
poutassou	['e531']
couch's whiting	['e531']
merlangus poutassou	['e531']
blue whiting	['e531']
gadus poutassou	['e531']
micromesistius poutassou	['e531']
gadus brosme	['e532']
tusk	['e532']
brosme brosme	['e532']
goober	['e533']
peanut	['e533']
arachis hypogaea	['e533']
ground-nut	['e533']
arachis hypogea	['e533']
pigeon pea	['e534']
cajanus cajan	['e534']
cicer arietinum	['e535']
chickpea	['e535']
garbanzo	['e535']
prunus armenica	['e536']
apricot	['e536']
prunus armeniaca var. bergeron	['e536']
armeniaca vulgaris var. vulgaris	['e536']
armeniaca vulgaris var. glabra	['e536']
prunus limeixing	['e536']
prunus armeniaca	['e536']
armeniaca vulgaris	['e536']
european mountain ash	['e537']
quickbeam	['e537']
rowan	['e537']
sorbus acuparia	['e537']
sorbus aucuparia	['e537']
leporidae	['e538']
rabbits and hares	['e538']
anguilliformes	['e539']
true eels	['e539']
anguilla	['e540']
phaseolus cylindricus	['e541']
dolichos biforus	['e541']
vigna unguiculata biflora group	['e541']
catjang	['e541']
vigna unguiculata subsp. cylindrica	['e541']
vigna cylindrica	['e541']
dolichos biflorus	['e541']
sow-pea	['e541']
catjang cowpea	['e541']
oryctolagus	['e542']
wen po	['e543']
cydonia oblonga	['e543']
cydonia oblanga	['e543']
quince	['e543']
soybeans	['e544']
cv. wye	['e544']
soybean	['e544']
phaseolus max	['e544']
glycine max	['e544']
crataegus germanica	['e545']
mespilus germanica	['e545']
medlar	['e545']
clupeinae	['e546']
atlantic herring	['e547']
clupea harengus	['e547']
clupea harengus harengus	['e547']
italian oregano	['e548']
origanum x majoricum	['e548']
hardy sweet marjoram	['e548']
origanum majorana x origanum vulgare	['e548']
rubus glaucus	['e549']
andean blackberry	['e549']
zarzamora azul	['e549']
mora blanca	['e549']
chickling vetch	['e550']
white pea	['e550']
lathyrus sativus	['e550']
lens culinaris subsp. macrosperma	['e551']
lens esculenta	['e551']
lens esculentum	['e551']
lens culinare	['e551']
lentil	['e551']
lens culinaris subsp. microsperma	['e551']
lens culinaris	['e551']
common carp	['e552']
koi	['e552']
cyrpinus carpio	['e552']
cyprinus carpio	['e552']
mirror carp	['e552']
carp	['e552']
cyprinus cyprio	['e552']
fancy carp	['e552']
black chiton	['e553']
chiton tunicatus	['e553']
katharina sp.	['e553']
katharina tunicata	['e553']
lupinus	['e554']
valerianella locosta	['e555']
european cornsalad	['e555']
lamb's-lettuce	['e555']
valerianella olitoria	['e555']
valerianella locusta	['e555']
valerianaella locusta	['e555']
lupinus termis	['e556']
lupinus albus	['e556']
white lupine	['e556']
catostomus commersonnii	['e557']
cyprinus commersonnii	['e557']
cyprinus commersonii	['e557']
catostomus commersonii	['e557']
white sucker	['e557']
catostomus commersoni	['e557']
cyprinus commersoni	['e557']
medicago sativa subsp. sativa	['e558']
lucerne	['e558']
medicago sativa	['e558']
alfalfa	['e558']
phaseolus viridis	['e559']
phaseolus limensis	['e559']
phaseolus lunatus	['e559']
lima bean	['e559']
phaseolus vulgaris	['e560']
phaseolus vulgare	['e560']
kidney bean	['e560']
string bean	['e560']
french bean	['e560']
scarlet runner bean	['e561']
phaseolus coccineus	['e561']
phaseolus multiflorus	['e561']
squaliformes	['e562']
pea	['e563']
pisum sativum	['e563']
garden pea	['e563']
peas	['e563']
phyllostachys pubescens	['e564']
phyllostachys pubescens var. heterocycla	['e564']
moso bamboo	['e564']
bambusa edulis	['e564']
mhousou	['e564']
phyllostachys heterocycla	['e564']
bambusa heterocycla	['e564']
phyllostachys edulis	['e564']
phyllostachys heterocycla f. pubescens	['e564']
kikko-chiku	['e564']
phyllostachys heterocycla var. pubescens	['e564']
phyllostachys edulis var. heterocycla	['e564']
bambusa pubescens	['e564']
mosochiku	['e564']
asparagus bean	['e565']
goa bean	['e565']
psophocarpus tetragonolobus	['e565']
asparagus pea	['e565']
prophocarpus tetragonolobus	['e565']
winged beans	['e565']
winged bean	['e565']
lippia graveolens	['e566']
catfishes	['e567']
siluriformes	['e567']
channel catfish	['e568']
ietalurus punetaus	['e568']
ictalurus punctatus	['e568']
letalurus punetaus	['e568']
ictalurus punetaus	['e568']
silurus punctatus	['e568']
yautia blanco	['e569']
xanthosoma sagittifolia	['e569']
yautia	['e569']
pomtajer	['e569']
xanthosoma sagittifolium	['e569']
tania	['e569']
ocumo	['e569']
origanum onites	['e570']
pot marjoram	['e570']
origanum heracleoticum w.d.j.koch, 1833	['e570']
vicia faba	['e571']
faba bean	['e571']
fava bean	['e571']
broad bean	['e571']
winter melon	['e572']
benincasa cerifera	['e572']
cucurbita hispida	['e572']
lagenaria siceraria var. hispida	['e572']
ash gourd	['e572']
wax gourd	['e572']
benincasa pruriens	['e572']
curcurbita hispida	['e572']
benincasa hispida	['e572']
azuki bean	['e573']
phaseolus angularis	['e573']
adzuki bean	['e573']
vigna angularis	['e573']
vigna angulari	['e573']
urd-bean	['e574']
vigna mungo	['e574']
black gram	['e574']
urad dal	['e574']
phaseolus mungo	['e574']
pipinela	['e575']
chayote	['e575']
sechium edulis	['e575']
sicyos edulis	['e575']
sechium edule	['e575']
christophine	['e575']
phaseolus unguiculatus	['e576']
vigna unguiculata	['e576']
cowpea	['e576', 'e588']
vigna aconitifolia	['e577']
moth-bean	['e577']
vinga aconitifolia	['e577']
phaseolus aconitifolius	['e577']
esox lucius	['e578']
northern pike	['e578']
osmerus mordax	['e579']
atherina mordax	['e579']
rainbow smelt	['e579']
sparkleberry	['e580']
winter huckleberry	['e580']
vaccinium arboreum	['e580']
farkleberry	['e580']
humpback salmon	['e581']
oncorhynchus gorbuscha	['e581']
pink salmon	['e581']
salmo gorbuscha	['e581']
oncorynchus keta	['e582']
salmo keta	['e582']
oncorhynchus keta	['e582']
chum salmon	['e582']
salmo kisatch	['e583']
oncorhyncus kisutch	['e583']
coho salmon	['e583']
oncorhynchus kisutch	['e583']
salmonidae	['e584']
salmonids	['e584']
rainbow trout	['e585']
oncorhynchus mykiss	['e585']
parasalmo mykiss	['e585']
salmo mykiss	['e585']
onchorhynchus mykiss	['e585']
oncorhynchus nerka mykiss	['e585']
oncorhynchus nerka	['e586']
salmo nerka	['e586']
sockeye salmon	['e586']
parasalmo	['e587']
oncorhynchus	['e587']
crowder pea	['e588']
vigna unguiculata subsp. unguiculata	['e588']
vigna unguiculata subsp. unguiculata (unguiculata group)	['e588']
vigna unguiculata unguiculata group	['e588']
black-eyed pea	['e588']
vigna sinensis	['e588']
photinia melanocarpa	['e589']
black chokeberry	['e589']
aronia melanocarpa	['e589']
sorbus melanocarpa	['e589']
mespilus arbutifolia var. melanocarpa	['e589']
persian lime	['e590']
citrus latifolia	['e590']
citrus x aurantiifolia var. latifolia	['e590']
tahiti lime	['e590']
citrus x aurantiifolia x citrus x limon	['e590']
bearss lime	['e590']
citrus x latifolia	['e590']
atlantic salmon	['e591']
salmo salar	['e591']
bai li	['e592']
pyrus bretschneideri	['e592']
chinese white pear	['e592']
pyrus x bretschneideri	['e592']
salvelinus	['e593']
oenothera suaveolens	['e594']
oenothera biennis	['e594']
german evening primrose	['e594']
salmo namaycush	['e595']
lake trout	['e595']
salvelinus namaycush	['e595']
chinese star-anise	['e596']
illicium verum	['e596']
gadiformes	['e597']
cods and others	['e597']
siberian kale	['e598']
brassica napus var. pabularia	['e598']
brassica napus subsp. pabularia	['e598']
hanover salad	['e598']
brassica napus pabularia group	['e598']
theragra	['e599']
gadus	['e599']
gadus morhua	['e600']
atlantic cod	['e600']
st. john's-bread	['e601']
ceratonia siliqua	['e601']
carob	['e601']
haddock	['e602']
melanogrammus aeglefinus	['e602']
melanogrammus aegelfinus	['e602']
gadus aeglefinus	['e602']
merlangius merlangus	['e603']
merlangus merlangius	['e603']
whiting	['e603']
gadus merlangus	['e603']
pollachius	['e604']
saithe	['e605']
merlangus virens	['e605']
pollachius virens	['e605']
gadus virens	['e605']
pollock	['e605', 'e604']
gaylussacia baccata	['e606']
black huckleberry	['e606']
barna	['e607']
sacred garlic-pear	['e607']
crateva religiosa	['e607']
bidasi	['e607']
allmouth goosefish	['e608']
angler	['e608']
lophius piscatorius	['e608']
manihot utilissima	['e609']
manioc	['e609']
cassava	['e609']
tapioca	['e609']
yuca	['e609']
manihot esculenta	['e609']
manihot esculenta0	['e609']
myristica officinalis l.f., 1781, non myristica officinalis mart., 1828	['e610']
myristica fragrans	['e610']
mace	['e610']
nutmeg	['e610']
citrus unshiu	['e611']
satsuma mandarin	['e611']
satsuma orange	['e611']
maranon	['e612']
anacardium occidentale	['e612']
anacardium occidentalis	['e612']
cashew	['e612']
ma bian cao	['e613']
kumatsuzura	['e613']
verbena officinalis	['e613']
common verbena	['e613']
pigeon's-grass	['e613']
locoto	['e614']
capsicum baccatum var. baccatum	['e614']
triglopsis	['e615']
myoxocephalus	['e615']
stenodus leucichthys	['e616']
salmo leucichthys	['e616']
inconnu	['e616']
lumpsuckers	['e617']
cyclopteridae	['e617']
lumpfishes	['e617']
brassica oleracea var. italica	['e618']
broccoli	['e618']
sprouting broccoli	['e618']
asparagus broccoli	['e618']
linum usitatissimum	['e619']
flax	['e619']
anoplopoma fimbria	['e620']
sablefish	['e620']
gadus fimbria	['e620']
perciformes	['e621']
perches and others	['e621']
scorpaeniformes	['e621']
serraniformes	['e621']
trachinoidei	['e622']
percoidei	['e622']
cichlidae	['e623']
cichlids	['e623']
gooseberry-tomato	['e624']
cape-gooseberry	['e624']
goldenberry	['e624']
physalis peruviana	['e624']
anthriscus cerefolium	['e625']
chervil	['e625']
yellow gentian	['e626']
gentiana lutea	['e626']
carrots	['e627']
carrot	['e627', 'e388']
queen anne's lace	['e627']
daucus carota	['e627']
pastinaca sativa	['e628']
parsnip	['e628']
petroselinum hortense	['e629']
petroselinum crispum	['e629']
petroselinum crispum var. vulgare	['e629']
parsley	['e629']
petroselinum sativum	['e629']
apium graveolens	['e630']
apium graveolans	['e630']
coriandrium sativum	['e631']
cilantro	['e631']
coriander	['e631']
coriandrum sativum	['e631']
aloysia triphylla	['e632']
canadian wild rice	['e633']
zizania aquatica	['e633']
salvia officinalis	['e634']
garden sage	['e634']
american shad	['e635']
clupea sapidissima	['e635']
alosa sapidissima	['e635']
ginseng	['e636']
insam	['e636']
panax ginseng	['e636']
jinsão	['e636']
korean ginseng	['e636']
asiatic ginseng	['e636']
ninjin	['e636']
ren seng	['e636']
hong shen	['e636']
chinese ginseng	['e636']
sansam	['e636']
anethum graveolens	['e637']
dill	['e637']
quinoa	['e638']
chenopodium quinoa	['e638']
suzuki	['e639']
japanese seabass	['e639']
lateolabrax japonicus	['e639']
labrax japonicus	['e639']
peppers	['e640']
capsicum	['e640']
capsicum sp. jym-2013	['e641']
capsicum annuum	['e641']
capsicum annum	['e641']
capsicum sp. hd-hw	['e641']
capsicum capsicum	['e641']
lycopersicon lycopersicum	['e642']
lycopersicon esculentum	['e642']
solanum lycopercicum	['e642']
solanum esculentum	['e642']
solanum lycopersicon	['e642']
solanum lycopersicum var. humboldtii	['e642']
lycopersicum esculentum	['e642']
solanum lycopersicum	['e642']
tomato	['e642']
lycopersicon esculentum var. esculentum	['e642']
pumpkinseed	['e643']
lepomis gibbosus	['e643']
pumpkinseed sunfish	['e643']
perca gibbosa	['e643']
common dolphinfish	['e644']
coryphaena hippurus	['e644']
pacific rockfish	['e3']
garfish	['e6']
capers	['e9']
grouper	['e10']
wasabi	['e12']
scombridae (bonito, mackerel, tuna)	['e13']
enokitake	['e14']
feijoa	['e16']
common walnut	['e18']
albacore tuna	['e20']
java plum	['e23']
sourdock	['e24']
olive	['e25']
evergreen huckleberry	['e26']
anchovy	['e29']
chia	['e30']
flatfish	['e31']
conch	['e32']
pleuronectidae (dab, halibut, plaice)	['e33']
cascade huckleberry	['e34']
hippoglossus (common halibut)	['e36']
oval-leaf huckleberry	['e38']
alaska blueberry	['e38']
common chokecherry	['e40']
groundcherry	['e42']
kombu	['e43']
elderberry	['e45']
black elderberry	['e46']
lingcod	['e47']
salmonberry	['e48']
tea leaf willow	['e50']
burdock	['e52']
mammee apple	['e53']
snapper	['e57']
deerberry	['e58']
sunflower	['e60']
lettuce	['e64']
common beet	['e65']
napa cabbage	['e67']
jellyfish	['e75']
rowal	['e76']
true frog	['e78']
true sole	['e82']
alpine sweetvetch	['e83']
macadamia nut	['e84']
small-leaf linden	['e85']
teff	['e88']
new zealand spinach	['e91']
nopal	['e92']
peach (var.)	['e95']
mamey sapote	['e96']
green turtle	['e97']
sorrel	['e98']
babassu palm	['e99']
acerola	['e100']
star fruit	['e101']
snail	['e103']
abalone	['e104']
rocket salad	['e105']
lotus	['e108']
walnut	['e111']
cupuaçu	['e112']
tea	['e114']
sesbania flower	['e115']
gooseberry	['e116']
watercress	['e116']
garden cress	['e118']
oil-seed camellia	['e120']
squid	['e123']
shallot	['e126']
bivalvia (clam, mussel, oyster)	['e131']
oat	['e132']
marine mussel	['e133']
true oyster	['e139']
scallop	['e142']
lemon balm	['e143']
orange mint	['e147']
common oregano	['e150']
garden tomato (var.)	['e151']
millet	['e152']
horned melon	['e154']
hard wheat	['e163']
prickly pear	['e167']
corn	['e169']
strawberry guava	['e174']
pepper (c. chinense)	['e177']
chestnut	['e181']
red huckleberry	['e184']
ohelo berry	['e185']
beech nut	['e188']
lingonberry	['e190']
shrimp	['e191']
clawed lobster	['e192']
macadamia nut (m. tetraphylla)	['e194']
crayfish	['e196']
pepper (c. pubescens)	['e197']
yam	['e198']
garden onion	['e200']
garden onion (var.)	['e200']
wild leek	['e201']
soft-necked garlic	['e202']
chinese chives	['e204']
spiny lobster	['e205']
asparagus	['e206']
thistle	['e207']
cloudberry	['e208']
giant butterbur	['e211']
saffron	['e215']
crab	['e217']
radish (var.)	['e218']
komatsuna	['e220']
sugar apple	['e224']
canada blueberry	['e225']
wakame	['e229']
kumquat	['e230']
malabar plum	['e231']
alaska wild rhubarb	['e234']
arrowhead	['e237']
pili nut	['e239']
blackcurrant	['e241']
rubus (blackberry, raspberry)	['e242']
daikon radish	['e246']
black radish	['e246']
agar	['e248']
cloves	['e249']
roman camomile	['e250']
garland chrysanthemum	['e252']
columbidae (dove, pigeon)	['e253']
squab	['e254']
sea trout	['e255']
nuttall cockle	['e256']
oil palm	['e257']
grapefruit/pummelo hybrid	['e261']
tronchuda cabbage	['e263']
guinea hen	['e264']
half-highbush blueberry	['e266']
quail	['e267']
common thyme	['e273']
anise	['e277']
plains prickly pear	['e278']
pheasant	['e279']
kelp	['e280']
purple mangosteen	['e281']
tartary buckwheat	['e283']
sheepshead	['e284']
pepper (spice)	['e288']
whelk	['e290']
muscadine grape	['e293']
hibiscus tea	['e296']
sea-buckthornberry	['e298']
german camomile	['e299']
celery stalks	['e304']
rocket salad (ssp.)	['e309']
climbing bean	['e312']
borage	['e314']
french plantain	['e316']
common grape	['e317']
striped mullet	['e318']
purslane	['e319']
linden	['e320']
morchella (morel)	['e321']
japanese walnut	['e322']
butternut	['e323']
arctic blackberry	['e326']
hickory nut	['e327']
chicory leaves	['e331']
chicory roots	['e331']
redcurrant	['e335']
whitefish	['e336']
hazelnut	['e339']
common hazelnut	['e340']
arrowroot	['e341']
wax apple	['e342']
chives	['e344']
elliott's blueberry	['e345']
velvet duck	['e346']
greenland halibut/turbot	['e350']
persimmon	['e351']
common persimmon	['e352']
nanking cherry	['e354']
jew's ear	['e355']
cloud ear fungus	['e356']
pak choy	['e358']
tilefish	['e360']
sweet bay	['e364']
shiitake	['e365']
ginkgo nuts	['e367']
black mulberry	['e368']
pineappple sage	['e371']
mexican groundcherry	['e372']
pine nut	['e373']
jujube	['e374']
colorado pinyon	['e375']
bluefish	['e377']
common ling	['e379']
yellow pond-lily	['e382']
date	['e390']
oregon yampah	['e394']
buffalo	['e395']
smelt	['e396']
pepper (c. frutescens)	['e397']
atlantic pollock	['e398']
poppy	['e399']
cornmint	['e401']
swiss chard	['e402']
common salsify	['e404']
fig	['e405']
mulberry	['e406']
vaccinium (blueberry, cranberry, huckleberry)	['e408']
bayberry	['e410']
acorn	['e411']
pecan nut	['e414']
norway haddock	['e416']
angelica	['e417']
saskatoon berry	['e418']
lambsquarters	['e422']
amaranth	['e426']
true seal	['e427']
cetacea (dolphin, porpoise, whale)	['e430']
malabar spinach	['e432']
savoy cabbage	['e435']
grape	['e436']
celery leaves	['e437']
summer grape	['e438']
lichee	['e440']
tunicate	['e442']
dock	['e444']
shea tree	['e445']
swamp cabbage	['e446']
ascidians	['e448']
kiwi	['e449']
cottonseed	['e452']
cocoa bean	['e454']
jute	['e456']
mandarin orange (clementine, tangerine)	['e458']
coconut	['e461']
greenthread tea	['e464']
japanese pumpkin	['e468']
butternut squash	['e469']
towel gourd	['e472']
brassicas	['e484']
chinese mustard	['e486']
swede	['e487']
prairie turnip	['e488']
common cabbage	['e490']
black cabbage	['e491']
kai-lan	['e492']
narrowleaf cattail	['e494']
carp bream	['e495']
mule deer	['e498']
hedge mustard	['e500']
ucuhuba	['e502']
natal plum	['e504']
malus (crab apple)	['e507']
mountain yam	['e510']
prunus (cherry, plum)	['e511']
european plum	['e514']
rose hip	['e517']
asian pear	['e518']
cattle (beef, veal)	['e519']
chinese water chestnut	['e523']
breadnut tree seed	['e524']
yardlong bean	['e525']
sheep (mutton, lamb)	['e526']
oriental wheat	['e527']
sturgeon	['e528']
pacific sardine	['e529']
greater sturgeon	['e530']
cusk	['e532']
rowanberry	['e537']
rabbit	['e538']
freshwater eel	['e540']
european rabbit	['e542']
soy bean	['e544']
clupeinae (herring, sardine, sprat)	['e546']
grass pea	['e550']
lentils	['e551']
leather chiton	['e553']
lupine	['e554']
corn salad	['e555']
common bean	['e560']
yellow wax bean	['e560']
green bean	['e560']
scarlet bean	['e561']
shark	['e562']
common pea	['e563']
bamboo shoots	['e564']
catfish	['e567']
gram bean	['e574']
moth bean	['e577']
salmonidae (salmon, trout)	['e584']
pacific salmon	['e587']
charr	['e593']
evening primrose	['e594']
star anise	['e596']
gadus (common cod)	['e599']
coalfish pollock	['e605']
abiyuch	['e607']
monkfish	['e608']
cashew nut	['e612']
pepper (c. baccatum)	['e614']
devilfish	['e615']
sheefish	['e616']
lumpsucker	['e617']
flaxseed	['e619']
percoidei (bass and others)	['e622']
cichlidae (tilapia)	['e623']
wild carrot	['e627']
wild celery	['e630']
lemon verbena	['e632']
annual wild rice	['e633']
common sage	['e634']
pepper (capsicum)	['e640']
pepper	['e641']
green bell pepper	['e641']
yellow bell pepper	['e641']
orange bell pepper	['e641']
red bell pepper	['e641']
italian sweet red pepper	['e641']
garden tomato	['e642']
dolphin fish	['e644']
silver linden	['e645']
triticale	['e646']
jostaberry	['e647']
oxheart cabbage	['e648']
red beetroot	['e649']
sweet rowanberry	['e650']
beer	['e651']
other bread	['e652']
breakfast cereal	['e653']
other soy product	['e654']
other cereal product	['e655']
pasta	['e656']
biscuit	['e657']
sourdough	['e658']
spirit	['e659']
fortified wine	['e660']
other alcoholic beverage	['e661']
mustard spinach	['e662']
purple laver	['e663']
tinda	['e664']
grape wine	['e665']
berry wine	['e666']
other wine	['e667']
apple cider	['e668']
liquor	['e669']
cheese	['e670']
milk (cow)	['e671']
eggs	['e672']
yogurt	['e673']
bean	['e674']
vodka	['e675']
whisky	['e676']
ice cream	['e677']
gin	['e678']
honey	['e679']
liquorice	['e680']
vinegar	['e681']
rum	['e682']
port wine	['e683']
vermouth	['e684']
sherry	['e685']
madeira wine	['e686']
nougat	['e687']
toffee	['e688']
cake	['e689']
pizza	['e690']
ymer	['e691']
other snack food	['e692']
crisp bread	['e693']
pastry	['e694']
dragée	['e695']
chewing gum	['e696']
marzipan	['e697']
salad dressing	['e698']
sauce	['e699']
salt	['e700']
butter	['e701']
butter substitute	['e702']
cream	['e703']
sugar	['e704']
sausage	['e705']
meatball	['e706']
mustard	['e707']
pate	['e708']
sugar substitute	['e709']
meat bouillon	['e710']
whey	['e711']
casein	['e712']
fruit preserve	['e713']
leavening agent	['e714']
marshmallow	['e715']
gelatin	['e716']
water	['e717']
other fish product	['e718']
milk (human)	['e719']
other beverage	['e720']
baby food	['e721']
dumpling	['e722']
soup	['e723']
other vegetable product	['e724']
unclassified food or beverage	['e725']
syrup	['e726']
tallow	['e727']
remoulade	['e728']
chocolate spread	['e729']
fruit gum	['e730']
curry powder	['e731']
other candy	['e732']
meringue	['e733']
lard	['e734']
other animal fat	['e735']
other cocoa product	['e736']
cocoa butter	['e737']
cocoa powder	['e738']
cocoa liquor	['e739']
hot chocolate	['e740']
dried milk	['e741']
milk (other mammals)	['e742']
kefir	['e743']
buttermilk	['e744']
other fermented milk	['e745']
soy sauce	['e746']
miso	['e747']
tofu	['e748']
zwieback	['e749']
roe	['e750']
icing	['e751']
snack bar	['e752']
energy drink	['e753']
burrito	['e754']
hamburger	['e755']
baked beans	['e756']
chili	['e757']
taco	['e758']
tortilla	['e759']
nachos	['e760']
processed cheese	['e761']
salad	['e762']
cream substitute	['e763']
dulce de leche	['e764']
topping	['e765']
sweet custard	['e766']
egg roll	['e767']
heart of palm	['e768']
popcorn	['e769']
potato chip	['e770']
tortilla chip	['e771']
corn chip	['e772']
stew	['e773']
gelatin dessert	['e774']
junket	['e775']
falafel	['e776']
frybread	['e777']
other frozen dessert	['e778']
lasagna	['e779']
pancake	['e780']
pectin	['e781']
pudding	['e782']
waffle	['e783']
soy milk	['e784']
meatloaf	['e785']
sake	['e786']
cocktail	['e787']
couscous	['e788']
bulgur	['e789']
coffee substitute	['e790']
coffee mocha	['e791']
chimichanga	['e792']
semolina	['e793']
tapioca pearl	['e794']
tostada	['e795']
quesadilla	['e796']
baked potato	['e797']
hot dog	['e798']
spread	['e799']
enchilada	['e800']
egg substitute	['e801']
nutritional drink	['e802']
other sandwich	['e803']
ketchup	['e804']
breakfast sandwich	['e805']
adobo	['e806']
macaroni and cheese	['e807']
butterfat	['e808']
hushpuppy	['e809']
fruit juice	['e810']
relish	['e811']
other fruit product	['e812']
fruit salad	['e813']
soy yogurt	['e814']
vegetarian food	['e815']
veggie burger	['e816']
cold cut	['e817']
mixed nuts	['e818']
phyllo dough	['e819']
cooking oil	['e820']
pie crust	['e821']
pie filling	['e822']
pie	['e823']
shortening	['e824']
soy cream	['e825']
ice cream cone	['e826']
molasses	['e827']
cracker	['e828']
natto	['e829']
ravioli	['e830']
scrapple	['e831']
other pasta dish	['e832']
succotash	['e833']
tamale	['e834']
rice cake	['e835']
evaporated milk	['e836']
flour	['e837']
akutaq	['e838']
dough	['e839']
pita bread	['e840']
focaccia	['e841']
bagel	['e842']
other bread product	['e843']
piki bread	['e844']
french toast	['e845']
wheat bread	['e846']
rye bread	['e847']
oat bread	['e848']
potato bread	['e849']
cornbread	['e850']
corn grits	['e851']
multigrain bread	['e852']
rice bread	['e853']
pan dulce	['e854']
raisin bread	['e855']
wonton wrapper	['e856']
trail mix	['e857']
fruit-flavor drink	['e858']
vegetable juice	['e859']
horchata	['e860']
soft drink	['e861']
frozen yogurt	['e862']
milkshake	['e863']
chocolate mousse	['e864']
dripping	['e865']
pupusa	['e866']
empanada	['e867']
arepa	['e868']
gefilte fish	['e869']
fish burger	['e870']
other dish	['e871']
pot pie	['e872']
stuffing	['e873']
edible shell	['e874']
fudge	['e875']
candy bar	['e876']
condensed milk	['e877']
margarine	['e878']
margarine-like spread	['e879']
hummus	['e880']
potato puffs	['e881']
potato gratin	['e882']
milk substitute	['e883']
mushrooms	['e884']
alcoholic beverages	['e885']
onion-family vegetables	['e886']
pomes	['e887']
cereals and cereal products	['e888']
cocoa and cocoa products	['e889']
coffee and coffee products	['e890']
milk and milk products	['e891']
fats and oils	['e892']
fishes	['e893']
herbs and spices	['e894']
pulses	['e895']
nuts	['e896']
beverages	['e897']
fruits	['e898']
green vegetables	['e899']
root vegetables	['e900']
sunburst squash (pattypan squash)	['e901']
green zucchini	['e902']
yellow zucchini	['e903']
cow milk, pasteurized, vitamin a + d added, 0% fat	['e904']
cow milk, pasteurized, vitamin a + d added, 1% fat	['e905']
cow milk, pasteurized, vitamin a + d added, 2% fat	['e906']
cow milk, pasteurized, vitamin d added, 3.25% fat	['e907']
thornless blackberry	['e908']
green tea	['e909']
olive oil	['e910']
macroalgae	['e911']
red wine	['e912']
linseed oil	['e913']
rapeseed oil	['e914']
soybean oil	['e915']
white wine	['e916']
egg yolk	['e917']
rosé wine	['e918']
canola oil	['e919']
dessert wine	['e920']
red champagne	['e921']
red tea	['e922']
white champagne	['e923']
red grape juice	['e924']
white grape juice	['e925']
mozzarella cheese	['e926']
plain cream cheese	['e927']
cheddar cheese	['e928']
parmesan cheese	['e929']
almond milk	['e930']
coconut milk	['e931']
salted butter	['e932']
sunflower oil	['e933']
coconut oil	['e934']
peanut oil	['e935']
cottonseed oil	['e936']
corn oil	['e937']
avocado oil	['e938']
grapeseed oil	['e939']
sesame oil	['e940']
monterey jack cheese	['e941']
swiss cheese	['e942']
cottage cheese	['e943']
blue cheese	['e944']
clam	['e945']
sour cream	['e946']
whole wheat bread	['e947']
jalapeno pepper	['e948']
greek feta cheese	['e949']
green apple	['e950']
white onion	['e951']
red onion	['e952']
green onion	['e953']
green grape	['e954']
red grape	['e955']
black raisin	['e956']
cannellini bean	['e957']
cubanelle pepper	['e958']
acorn squash	['e959']
iceberg lettuce	['e960']
pea shoots	['e961']
yau choy	['e962']
chineese plum	['e963']
green plum	['e964']
goji	['e965']
white bread	['e966']
herbal tea	['e967']
fish oil	['e968']
taco shell	['e969']
tostada shell	['e970']
oil, olive, extra virgin	['e25']
oil, olive, extra light	['e25']
oil, safflower	['e56']
oil, sunflower	['e59']
lettuce, cos or romaine, raw	['e64']
flour, rice, white, unenriched	['e145']
flour, rice, brown	['e145']
flour, whole wheat, unenriched	['e160']
flour, pastry, unenriched, unbleached	['e160']
oil, corn	['e169']
bananas, overripe, raw	['e186']
bananas, ripe and slightly ripe, raw	['e186']
onions, red, raw	['e200']
onions, yellow, raw	['e200']
onions, white, raw	['e200']
garlic, raw	['e202']
oranges, raw, navels	['e235']
pears, raw, bartlett	['e238']
egg, whole, raw, frozen, pasteurized	['e272']
egg, white, raw, frozen, pasteurized	['e272']
egg, white, dried	['e272']
egg, whole, dried	['e272']
egg, yolk, raw, frozen, pasteurized	['e272']
egg, yolk, dried	['e272']
chicken, broilers or fryers, drumstick, meat only, cooked, braised	['e272']
chicken, broiler or fryers, breast, skinless, boneless, meat only, cooked, braised	['e272']
eggs, grade a, large, egg white	['e272']
eggs, grade a, large, egg yolk	['e272']
eggs, grade a, large, egg whole	['e272']
turkey, ground, 93% lean, 7% fat, pan-broiled crumbles	['e285']
mushroom, oyster	['e359']
mushrooms, white button	['e362']
mushrooms, shiitake	['e365']
figs, dried, uncooked	['e405']
spinach, baby	['e423']
spinach, mature	['e423']
kiwifruit, green, raw	['e450']
oil, coconut	['e461']
melons, cantaloupe, raw	['e463']
mushroom, lion's mane	['e479']
oil, canola	['e487']
kale, raw	['e490']
kale, frozen, cooked, boiled, drained, without salt	['e490']
broccoli, raw	['e490']
apples, red delicious, with skin, raw	['e508']
apples, fuji, with skin, raw	['e508']
apples, gala, with skin, raw	['e508']
apples, granny smith, with skin, raw	['e508']
apples, honeycrisp, with skin, raw	['e508']
peaches, yellow, raw	['e515']
nectarines, raw	['e515']
yogurt, greek, plain, nonfat	['e519']
"beef, loin, tenderloin roast, separable lean only, boneless, trimmed to 0"" fat, select, cooked, roasted"	['e519']
"beef, loin, top loin steak, boneless, lip-on, separable lean only, trimmed to 1/8"" fat, choice, raw"	['e519']
"beef, round, eye of round roast, boneless, separable lean only, trimmed to 0"" fat, select, raw"	['e519']
"beef, round, top round roast, boneless, separable lean only, trimmed to 0"" fat, select, raw"	['e519']
"beef, short loin, porterhouse steak, separable lean only, trimmed to 1/8"" fat, select, raw"	['e519']
"beef, short loin, t-bone steak, bone-in, separable lean only, trimmed to 1/8"" fat, choice, cooked, grilled"	['e519']
oil, peanut	['e533']
oil, soybean	['e544']
flour, soy, defatted	['e544']
flour, soy, full-fat	['e544']
beans, dry, medium red (0% moisture)	['e560']
beans, dry, red (0% moisture)	['e560']
beans, dry, flor de mayo (0% moisture)	['e560']
beans, dry, brown (0% moisture)	['e560']
beans, dry, tan (0% moisture)	['e560']
beans, dry, light tan (0% moisture)	['e560']
beans, dry, carioca (0% moisture)	['e560']
beans, dry, cranberry (0% moisture)	['e560']
beans, dry, light red kidney (0% moisture)	['e560']
beans, dry, pink (0% moisture)	['e560']
beans, dry, dark red kidney (0% moisture)	['e560']
beans, dry, navy (0% moisture)	['e560']
beans, dry, small white (0% moisture)	['e560']
beans, dry, small red (0% moisture)	['e560']
beans, dry, black (0% moisture)	['e560']
beans, dry, pinto (0% moisture)	['e560']
beans, dry, great northern (0% moisture)	['e560']
fish, haddock, raw	['e602']
fish, pollock, raw	['e604']
carrots, frozen, unprepared	['e627']
tomatoes, grape, raw	['e642']
tomato, roma	['e642']
hummus, commercial	['e971']
beans, snap, green, canned, regular pack, drained solids	['e972']
frankfurter, beef, unheated	['e973']
nuts, almonds, dry roasted, with salt added	['e974']
onion rings, breaded, par fried, frozen, prepared, heated in oven	['e975']
pickles, cucumber, dill or kosher dill	['e976']
cheese, parmesan, grated	['e977']
cheese, pasteurized process, american, vitamin d fortified	['e978']
grapefruit juice, white, canned or bottled, unsweetened	['e979']
seeds, sunflower seed kernels, dry roasted, with salt added	['e980']
bread, white, commercially prepared	['e981']
mustard, prepared, yellow	['e982']
cheese, cheddar	['e983']
cheese, cottage, lowfat, 2% milkfat	['e984']
cheese, mozzarella, low moisture, part-skim	['e985']
yogurt, greek, strawberry, nonfat	['e986']
sauce, pasta, spaghetti/marinara, ready-to-serve	['e987']
ham, sliced, pre-packaged, deli meat (96%fat free, water added)	['e988']
olives, green, manzanilla, stuffed with pimiento	['e989']
cookies, oatmeal, soft, with raisins	['e990']
tomatoes, canned, red, ripe, diced	['e991']
fish, tuna, light, canned in water, drained solids	['e992']
restaurant, chinese, fried rice, without meat	['e993']
restaurant, latino, tamale, pork	['e994']
restaurant, latino, pupusas con frijoles (pupusas, bean)	['e995']
bread, whole-wheat, commercially prepared	['e996']
cheese, dry white, queso seco	['e997']
cheese, ricotta, whole milk	['e998']
cheese, swiss	['e999']
milk, lowfat, fluid, 1% milkfat, with added vitamin a and vitamin d	['e1000']
restaurant, chinese, sweet and sour pork	['e1001']
salt, table, iodized	['e1002']
milk, nonfat, fluid, with added vitamin a and vitamin d (fat free or skim)	['e1003']
sauce, salsa, ready-to-serve	['e1004']
milk, reduced fat, fluid, 2% milkfat, with added vitamin a and vitamin d	['e1005']
sausage, breakfast sausage, beef, pre-cooked, unprepared	['e1006']
sausage, italian, pork, mild, cooked, pan-fried	['e1007']
sausage, pork, chorizo, link or ground, cooked, pan-fried	['e1008']
milk, whole, 3.25% milkfat, with added vitamin d	['e1009']
sausage, turkey, breakfast links, mild, raw	['e1010']
sugars, granulated	['e1011']
ham, sliced, restaurant	['e1012']
cheese, american, restaurant	['e1013']
ketchup, restaurant	['e1014']
pork, cured, bacon, cooked, restaurant	['e1015']
butter, stick, unsalted	['e1016']
flour, wheat, all-purpose, enriched, bleached	['e1017']
flour, wheat, all-purpose, enriched, unbleached	['e1018']
flour, wheat, all-purpose, unenriched, unbleached	['e1019']
flour, bread, white, enriched, unbleached	['e1020']
flour, corn, yellow, fine meal, enriched	['e1021']
butter, stick, salted	['e1022']
flour, rice, glutinous	['e1023']
soy milk, unsweetened, plain, shelf stable	['e1024']
almond milk, unsweetened, plain, shelf stable	['e1025']
flour, 00	['e1026']
flour, spelt, whole grain	['e1027']
flour, semolina, coarse and semi-coarse	['e1028']
flour, semolina, fine	['e1029']
apple juice, with added vitamin c, from concentrate, shelf stable	['e1030']
orange juice, no pulp, not fortified, from concentrate, refrigerated	['e1031']
grape juice, purple, with added vitamin c, from concentrate, shelf stable	['e1032']
grape juice, white, with added vitamin c, from concentrate, shelf stable	['e1033']
cranberry juice, not fortified, from concentrate, shelf stable	['e1034']
grapefruit juice, red, not fortified, not from concentrate, refrigerated	['e1035']
tomato juice, with added ingredients, from concentrate, shelf stable	['e1036']
orange juice, no pulp, not fortified, not from concentrate, refrigerated	['e1037']
mushroom, portabella	['e1038']
mushroom, king oyster	['e1039']
mushroom, enoki	['e1040']
mushroom, crimini	['e1041']
mushroom, maitake	['e1042']
mushroom, beech	['e1043']
mushroom, pioppini	['e1044']
soy milk, sweetened, plain, refrigerated	['e1045']
almond milk, unsweetened, plain, refrigerated	['e1046']
oat milk, unsweetened, plain, refrigerated	['e1047']
carrots, mature, raw	['e1048']
carrots, baby, raw	['e1049']
peppers, bell, green, raw	['e1050']
peppers, bell, yellow, raw	['e1051']
peppers, bell, red, raw	['e1052']
peppers, bell, orange, raw	['e1053']
buttermilk, low fat	['e1054']
yogurt, plain, whole milk	['e1055']
yogurt, greek, plain, whole milk	['e1056']
cheese, parmesan, grated, refrigerated	['e1057']
cheese, feta, whole milk, crumbled	['e1058']
flour, almond	['e1059']
flour, oat, whole grain	['e1060']
flour, potato	['e1061']
peanut butter, creamy	['e1062']
sesame butter, creamy	['e1063']
almond butter, creamy	['e1064']
flaxseed, ground	['e1065']
cottage cheese, full fat, large or small curd	['e1066']
cream cheese, full fat, block	['e1067']
cream, heavy	['e1068']
cream, sour, full fat	['e1069']
lettuce, iceberg, raw	['e1070']
lettuce, romaine, green, raw	['e1071']
lettuce, leaf, red, raw	['e1072']
lettuce, leaf, green, raw	['e1073']
nuts, pine nuts, raw	['e1074']
nuts, almonds, whole, raw	['e1075']
nuts, walnuts, english, halves, raw	['e1076']
nuts, pecans, halves, raw	['e1077']
oats, whole grain, rolled, old fashioned	['e1078']
oats, whole grain, steel cut	['e1079']
pineapple, raw	['e1080']
cherries, sweet, dark red, raw	['e1081']
beans, snap, green, raw	['e1082']
potatoes, russet, without skin, raw	['e1083']
potatoes, red, without skin, raw	['e1084']
potatoes, gold, without skin, raw	['e1085']
sweet potatoes, orange flesh, without skin, raw	['e1086']
celery, raw	['e1087']
cucumber, with peel, raw	['e1088']
cabbage, green, raw	['e1089']
cabbage, red, raw	['e1090']
strawberries, raw	['e1091']
raspberries, raw	['e1092']
blueberries, raw	['e1093']
grapes, red, seedless, raw	['e1094']
grapes, green, seedless, raw	['e1095']
applesauce, unsweetened, with added vitamin c	['e1096']
flour, amaranth	['e1097']
flour, quinoa	['e1098']
flour, sorghum	['e1099']
flour, buckwheat	['e1100']
flour, rye	['e1101']
flour, barley	['e1102']
flour, cassava	['e1103']
buckwheat, whole grain	['e1104']
millet, whole grain	['e1105']
rice, brown, long grain, unenriched, raw	['e1106']
rice, white, long grain, unenriched, raw	['e1107']
beef, ground, 90% lean meat / 10% fat, raw	['e1108']
beef, ground, 80% lean meat / 20% fat, raw	['e1109']
pork, ground, raw	['e1110']
chicken, ground, with additives, raw	['e1111']
turkey, ground, 93% lean/ 7% fat, raw	['e1112']
nuts, brazilnuts, raw	['e1113']
nuts, cashew nuts, raw	['e1114']
nuts, hazelnuts or filberts, raw	['e1115']
peanuts, raw	['e1116']
flour, chestnut	['e1117']
nuts, macadamia nuts, raw	['e1118']
nuts, pistachio nuts, raw	['e1119']
seeds, pumpkin seeds (pepitas), raw	['e1120']
seeds, sunflower seed, kernel, raw	['e1121']
flour, coconut	['e1122']
beans, cannellini, dry	['e1123']
chickpeas, (garbanzo beans, bengal gram), dry	['e1124']
lentils, dry	['e1125']
blackeye pea, dry	['e1126']
beans, black, canned, sodium added, drained and rinsed	['e1127']
beans, navy, canned, sodium added, drained and rinsed	['e1128']
beans, cannellini, canned, sodium added, drained and rinsed	['e1129']
chickpeas (garbanzo beans, bengal gram), canned, sodium added, drained and rinsed	['e1130']
beans, kidney, dark red, canned, sodium added, sugar added, drained and rinsed	['e1131']
beans, kidney, light red, canned, sodium added, sugar added, drained and rinsed	['e1132']
peas, green, sweet, canned, sodium added, sugar added, drained and rinsed	['e1133']
beans, pinto, canned, sodium added, drained and rinsed	['e1134']
blackeye pea, canned, sodium added, drained and rinsed	['e1135']
beans, great northern, canned, sodium added, drained and rinsed	['e1136']
pork, loin, boneless, raw	['e1137']
pork, loin, tenderloin, boneless, raw	['e1138']
chicken, breast, boneless, skinless, raw	['e1139']
chicken, thigh, boneless, skinless, raw	['e1140']
beef, ribeye, steak, boneless, choice, raw	['e1141']
beef, round, top round, boneless, choice, raw	['e1142']
beef, chuck, roast, boneless, choice, raw	['e1143']
beef, flank, steak, boneless, choice, raw	['e1144']
yogurt, plain, nonfat	['e1145']
cheese, monterey jack, solid	['e1146']
cheese, pasteurized process cheese food or product, american, singles	['e1147']
cheese, provolone, sliced	['e1148']
cheese, oaxaca, solid	['e1149']
cheese, queso fresco, solid	['e1150']
cheese, cotija, solid	['e1151']
